#
# There is insufficient memory for the Java Runtime Environment to continue.
# Native memory allocation (malloc) failed to allocate 1299248 bytes. Error detail: Chunk::new
# Possible reasons:
#   The system is out of physical RAM or swap space
#   This process is running with CompressedOops enabled, and the Java Heap may be blocking the growth of the native heap
# Possible solutions:
#   Reduce memory load on the system
#   Increase physical memory or swap space
#   Check if swap backing store is full
#   Decrease Java heap size (-Xmx/-Xms)
#   Decrease number of Java threads
#   Decrease Java thread stack sizes (-Xss)
#   Set larger code cache with -XX:ReservedCodeCacheSize=
#   JVM is running with Unscaled Compressed Oops mode in which the Java heap is
#     placed in the first 4GB address space. The Java Heap base address is the
#     maximum limit for the native heap growth. Please use -XX:HeapBaseMinAddress
#     to set the Java Heap base and to place the Java Heap above 4GB virtual address.
# This output file may be truncated or incomplete.
#
#  Out of Memory Error (arena.cpp:168), pid=29060, tid=9736
#
# JRE version: OpenJDK Runtime Environment Temurin-21.0.12.1+1 (21.0.12.1+1) (build 21.0.12.1+1-LTS)
# Java VM: OpenJDK 64-Bit Server VM Temurin-21.0.12.1+1 (21.0.12.1+1-LTS, mixed mode, sharing, tiered, compressed oops, compressed class ptrs, g1 gc, windows-amd64)
# No core dump will be written. Minidumps are not enabled by default on client versions of Windows
#

---------------  S U M M A R Y ------------

Command Line: --add-opens=java.base/java.lang=ALL-UNNAMED --add-opens=java.base/java.lang.invoke=ALL-UNNAMED --add-opens=java.base/java.util=ALL-UNNAMED --add-opens=java.prefs/java.util.prefs=ALL-UNNAMED --add-exports=jdk.compiler/com.sun.tools.javac.api=ALL-UNNAMED --add-exports=jdk.compiler/com.sun.tools.javac.util=ALL-UNNAMED --add-opens=java.base/java.util=ALL-UNNAMED --add-opens=java.prefs/java.util.prefs=ALL-UNNAMED --add-opens=java.base/java.nio.charset=ALL-UNNAMED --add-opens=java.base/java.net=ALL-UNNAMED --add-opens=java.base/java.util.concurrent=ALL-UNNAMED --add-opens=java.base/java.util.concurrent.atomic=ALL-UNNAMED --add-opens=java.xml/javax.xml.namespace=ALL-UNNAMED --add-opens=java.base/java.time=ALL-UNNAMED -XX:MaxMetaspaceSize=512m -Xmx2048m -Dfile.encoding=UTF-8 -Duser.country=US -Duser.language=en -Duser.variant -javaagent:C:\Users\Ponglang\.gradle\wrapper\dists\gradle-9.3.1-bin\23ovyewtku6u96viwx3xl3oks\gradle-9.3.1\lib\agents\gradle-instrumentation-agent-9.3.1.jar org.gradle.launcher.daemon.bootstrap.GradleDaemon 9.3.1

Host: 13th Gen Intel(R) Core(TM) i7-1355U, 12 cores, 15G,  Windows 11 , 64 bit Build 26100 (10.0.26100.9444)
Time: Fri Sep 18 16:24:27 2026 SE Asia Standard Time elapsed time: 105.395762 seconds (0d 0h 1m 45s)

---------------  T H R E A D  ---------------

Current thread (0x00000201642ff0c0):  JavaThread "C2 CompilerThread1" daemon [_thread_in_native, id=9736, stack(0x000000e104000000,0x000000e104100000) (1024K)]


Current CompileTask:
C2:105395 14137       4       org.jetbrains.org.objectweb.asm.ClassReader::readMethod (1093 bytes)

Stack: [0x000000e104000000,0x000000e104100000]
Native frames: (J=compiled Java code, j=interpreted, Vv=VM code, C=native code)
V  [jvm.dll+0x6d83e9]
V  [jvm.dll+0x8b5736]
V  [jvm.dll+0x8b7cee]
V  [jvm.dll+0x8b83d3]
V  [jvm.dll+0x284596]
V  [jvm.dll+0xc685d]
V  [jvm.dll+0xc6da1]
V  [jvm.dll+0x3bf18b]
V  [jvm.dll+0x38b6d2]
V  [jvm.dll+0x38ab1a]
V  [jvm.dll+0x24c700]
V  [jvm.dll+0x24bce0]
V  [jvm.dll+0x1cb4ae]
V  [jvm.dll+0x25baad]
V  [jvm.dll+0x25a03a]
V  [jvm.dll+0x3f8aae]
V  [jvm.dll+0x8600cd]
V  [jvm.dll+0x6d6c1d]
C  [ucrtbase.dll+0x2cd30]
C  [KERNEL32.DLL+0x2cd87]
C  [ntdll.dll+0xacaec]


---------------  P R O C E S S  ---------------

Threads class SMR info:
_java_thread_list=0x000002015f4a1c50, length=115, elements={
0x0000020125328370, 0x000002013ef8c3d0, 0x000002013ef8dd50, 0x000002013ef93980,
0x000002013ef989b0, 0x000002013efa2670, 0x000002013efa2d00, 0x000002013efb2310,
0x000002013efb2f60, 0x000002013efa40b0, 0x000002013efa3a20, 0x000002013efa4dd0,
0x000002013efa5460, 0x000002013efa1fe0, 0x000002015a74d240, 0x000002015a74cbb0,
0x000002015a74c520, 0x000002015a74d8d0, 0x000002015a74df60, 0x000002015a74e5f0,
0x000002015a74b170, 0x000002015a74ec80, 0x000002015a74b800, 0x000002015a74be90,
0x000002015a750d50, 0x000002015a750030, 0x000002015a7513e0, 0x000002015a752100,
0x000002015a751a70, 0x000002015a752790, 0x0000020160addef0, 0x0000020160adf2a0,
0x0000020160ae0650, 0x0000020160adec10, 0x0000020160add860, 0x0000020160adf930,
0x00000201604f4710, 0x00000201604f5ac0, 0x00000201604f4da0, 0x00000201604f39f0,
0x00000201604f7500, 0x00000201604f7b90, 0x00000201604f6150, 0x00000201604fb010,
0x00000201604f88b0, 0x00000201604f9c60, 0x00000201604fa2f0, 0x00000201604f8220,
0x00000201604fa980, 0x00000201604f8f40, 0x0000020162551dc0, 0x0000020162552ae0,
0x0000020162554bb0, 0x0000020162553170, 0x0000020162552450, 0x00000201625558d0,
0x0000020162555240, 0x0000020162553e90, 0x0000020162555f60, 0x00000201625565f0,
0x0000020162556c80, 0x0000020162553800, 0x0000020162554520, 0x00000201625579a0,
0x00000201625593e0, 0x0000020162558d50, 0x0000020162557310, 0x0000020162558030,
0x00000201625586c0, 0x0000020161a84ce0, 0x0000020161a82c10, 0x0000020161a81860,
0x0000020161a84650, 0x0000020161a832a0, 0x0000020161a85370, 0x0000020161a86720,
0x0000020161a86090, 0x00000201608db170, 0x00000201608db800, 0x00000201608dbe90,
0x00000201608d90a0, 0x00000201608dcbb0, 0x00000201608d9730, 0x00000201608dd240,
0x00000201608da450, 0x00000201608d9dc0, 0x00000201608dd8d0, 0x00000201608ddf60,
0x00000201608de5f0, 0x000002015ff07fb0, 0x000002015ff05850, 0x000002015ff04b30,
0x000002015ff051c0, 0x000002015ff08640, 0x000002015ff099f0, 0x000002015ff07290,
0x000002015ff0bac0, 0x000002015ff09360, 0x000002015ff08cd0, 0x000002015ff0a080,
0x000002015ff0a710, 0x000002015ff0ada0, 0x000002015ff0b430, 0x00000201616a0de0,
0x00000201616a1470, 0x00000201616a3540, 0x00000201616a1b00, 0x00000201616a00c0,
0x00000201616a0750, 0x00000201616a2eb0, 0x00000201616a2190, 0x00000201616a2820,
0x000002015ff05ee0, 0x00000201642ff0c0, 0x00000201642ff790
}

Java Threads: ( => current thread )
  0x0000020125328370 JavaThread "main"                              [_thread_blocked, id=29128, stack(0x000000e17ba00000,0x000000e17bb00000) (1024K)]
  0x000002013ef8c3d0 JavaThread "Reference Handler"          daemon [_thread_blocked, id=27348, stack(0x000000e17c200000,0x000000e17c300000) (1024K)]
  0x000002013ef8dd50 JavaThread "Finalizer"                  daemon [_thread_blocked, id=31796, stack(0x000000e17c300000,0x000000e17c400000) (1024K)]
  0x000002013ef93980 JavaThread "Signal Dispatcher"          daemon [_thread_blocked, id=17228, stack(0x000000e17c400000,0x000000e17c500000) (1024K)]
  0x000002013ef989b0 JavaThread "Attach Listener"            daemon [_thread_blocked, id=29872, stack(0x000000e17c500000,0x000000e17c600000) (1024K)]
  0x000002013efa2670 JavaThread "Service Thread"             daemon [_thread_blocked, id=13068, stack(0x000000e17c600000,0x000000e17c700000) (1024K)]
  0x000002013efa2d00 JavaThread "Monitor Deflation Thread"   daemon [_thread_blocked, id=5272, stack(0x000000e17c700000,0x000000e17c800000) (1024K)]
  0x000002013efb2310 JavaThread "C2 CompilerThread0"         daemon [_thread_in_native, id=35660, stack(0x000000e17c800000,0x000000e17c900000) (1024K)]
  0x000002013efb2f60 JavaThread "C1 CompilerThread0"         daemon [_thread_in_native, id=18888, stack(0x000000e17c900000,0x000000e17ca00000) (1024K)]
  0x000002013efa40b0 JavaThread "Common-Cleaner"             daemon [_thread_blocked, id=36556, stack(0x000000e17ca00000,0x000000e17cb00000) (1024K)]
  0x000002013efa3a20 JavaThread "Notification Thread"        daemon [_thread_blocked, id=35792, stack(0x000000e17cb00000,0x000000e17cc00000) (1024K)]
  0x000002013efa4dd0 JavaThread "Daemon health stats"               [_thread_blocked, id=9068, stack(0x000000e17cc00000,0x000000e17cd00000) (1024K)]
  0x000002013efa5460 JavaThread "Incoming local TCP Connector on port 60602"        [_thread_in_native, id=30124, stack(0x000000e17d200000,0x000000e17d300000) (1024K)]
  0x000002013efa1fe0 JavaThread "Daemon periodic checks"            [_thread_blocked, id=14340, stack(0x000000e17d300000,0x000000e17d400000) (1024K)]
  0x000002015a74d240 JavaThread "Daemon"                            [_thread_blocked, id=31144, stack(0x000000e17d400000,0x000000e17d500000) (1024K)]
  0x000002015a74cbb0 JavaThread "Handler for socket connection from /127.0.0.1:60602 to /127.0.0.1:60603"        [_thread_in_native, id=18908, stack(0x000000e17d500000,0x000000e17d600000) (1024K)]
  0x000002015a74c520 JavaThread "Cancel handler"                    [_thread_blocked, id=36344, stack(0x000000e17d600000,0x000000e17d700000) (1024K)]
  0x000002015a74d8d0 JavaThread "Daemon worker"                     [_thread_in_native, id=27720, stack(0x000000e17d700000,0x000000e17d800000) (1024K)]
  0x000002015a74df60 JavaThread "Asynchronous log dispatcher for DefaultDaemonConnection: socket connection from /127.0.0.1:60602 to /127.0.0.1:60603"        [_thread_blocked, id=26420, stack(0x000000e17d800000,0x000000e17d900000) (1024K)]
  0x000002015a74e5f0 JavaThread "Stdin handler"                     [_thread_blocked, id=28568, stack(0x000000e17d900000,0x000000e17da00000) (1024K)]
  0x000002015a74b170 JavaThread "Daemon client event forwarder"        [_thread_blocked, id=34156, stack(0x000000e17da00000,0x000000e17db00000) (1024K)]
  0x000002015a74ec80 JavaThread "Cache worker for journal cache (C:\Users\Ponglang\.gradle\caches\journal-1)"        [_thread_blocked, id=27228, stack(0x000000e17db00000,0x000000e17dc00000) (1024K)]
  0x000002015a74b800 JavaThread "File lock request listener"        [_thread_in_native, id=27160, stack(0x000000e17dc00000,0x000000e17dd00000) (1024K)]
  0x000002015a74be90 JavaThread "Cache worker for file hash cache (C:\Users\Ponglang\.gradle\caches\9.3.1\fileHashes)"        [_thread_blocked, id=34784, stack(0x000000e17dd00000,0x000000e17de00000) (1024K)]
  0x000002015a750d50 JavaThread "Cache worker for file hash cache (D:\IT_NEWS_App\react-native-news_itapp\android\.gradle\9.3.1\fileHashes)"        [_thread_blocked, id=17124, stack(0x000000e17e500000,0x000000e17e600000) (1024K)]
  0x000002015a750030 JavaThread "Cache worker for Build Output Cleanup Cache (D:\IT_NEWS_App\react-native-news_itapp\android\.gradle\buildOutputCleanup)"        [_thread_blocked, id=28760, stack(0x000000e17e600000,0x000000e17e700000) (1024K)]
  0x000002015a7513e0 JavaThread "File lock release action executor"        [_thread_blocked, id=26052, stack(0x000000e17e700000,0x000000e17e800000) (1024K)]
  0x000002015a752100 JavaThread "File watcher server"        daemon [_thread_in_native, id=28140, stack(0x000000e17e800000,0x000000e17e900000) (1024K)]
  0x000002015a751a70 JavaThread "File watcher consumer"      daemon [_thread_blocked, id=35256, stack(0x000000e17e900000,0x000000e17ea00000) (1024K)]
  0x000002015a752790 JavaThread "Cache worker for checksums cache (D:\IT_NEWS_App\react-native-news_itapp\android\.gradle\9.3.1\checksums)"        [_thread_blocked, id=30708, stack(0x000000e17e400000,0x000000e17e500000) (1024K)]
  0x0000020160addef0 JavaThread "Cache worker for file content cache (C:\Users\Ponglang\.gradle\caches\9.3.1\fileContent)"        [_thread_blocked, id=13752, stack(0x000000e17ea00000,0x000000e17eb00000) (1024K)]
  0x0000020160adf2a0 JavaThread "Cache worker for cache directory md-supplier (C:\Users\Ponglang\.gradle\caches\9.3.1\md-supplier)"        [_thread_blocked, id=30560, stack(0x000000e17eb00000,0x000000e17ec00000) (1024K)]
  0x0000020160ae0650 JavaThread "Cache worker for cache directory md-rule (C:\Users\Ponglang\.gradle\caches\9.3.1\md-rule)"        [_thread_blocked, id=32404, stack(0x000000e17ec00000,0x000000e17ed00000) (1024K)]
  0x0000020160adec10 JavaThread "jar transforms"                    [_thread_blocked, id=35476, stack(0x000000e17ed00000,0x000000e17ee00000) (1024K)]
  0x0000020160add860 JavaThread "jar transforms Thread 2"           [_thread_blocked, id=34264, stack(0x000000e17ee00000,0x000000e17ef00000) (1024K)]
  0x0000020160adf930 JavaThread "jar transforms Thread 3"           [_thread_blocked, id=33936, stack(0x000000e17ef00000,0x000000e17f000000) (1024K)]
  0x00000201604f4710 JavaThread "Cache worker for Build Output Cleanup Cache (D:\IT_NEWS_App\react-native-news_itapp\node_modules\@react-native\gradle-plugin\.gradle\buildOutputCleanup)"        [_thread_blocked, id=30820, stack(0x000000e17f000000,0x000000e17f100000) (1024K)]
  0x00000201604f5ac0 JavaThread "Unconstrained build operations"        [_thread_blocked, id=34912, stack(0x000000e17f400000,0x000000e17f500000) (1024K)]
  0x00000201604f4da0 JavaThread "Unconstrained build operations Thread 2"        [_thread_blocked, id=33248, stack(0x000000e17f500000,0x000000e17f600000) (1024K)]
  0x00000201604f39f0 JavaThread "Unconstrained build operations Thread 3"        [_thread_blocked, id=22776, stack(0x000000e17f600000,0x000000e17f700000) (1024K)]
  0x00000201604f7500 JavaThread "Cache worker for Build Output Cleanup Cache (D:\IT_NEWS_App\react-native-news_itapp\node_modules\expo-modules-autolinking\android\expo-gradle-plugin\.gradle\buildOutputCleanup)"        [_thread_blocked, id=9620, stack(0x000000e17f700000,0x000000e17f800000) (1024K)]
  0x00000201604f7b90 JavaThread "Unconstrained build operations Thread 4"        [_thread_blocked, id=33596, stack(0x000000e17f800000,0x000000e17f900000) (1024K)]
  0x00000201604f6150 JavaThread "Unconstrained build operations Thread 5"        [_thread_blocked, id=26404, stack(0x000000e17f900000,0x000000e17fa00000) (1024K)]
  0x00000201604fb010 JavaThread "Unconstrained build operations Thread 6"        [_thread_blocked, id=8336, stack(0x000000e17fa00000,0x000000e17fb00000) (1024K)]
  0x00000201604f88b0 JavaThread "Unconstrained build operations Thread 7"        [_thread_blocked, id=19940, stack(0x000000e17fb00000,0x000000e17fc00000) (1024K)]
  0x00000201604f9c60 JavaThread "Unconstrained build operations Thread 8"        [_thread_blocked, id=1288, stack(0x000000e17fc00000,0x000000e17fd00000) (1024K)]
  0x00000201604fa2f0 JavaThread "Unconstrained build operations Thread 9"        [_thread_blocked, id=33048, stack(0x000000e17fd00000,0x000000e17fe00000) (1024K)]
  0x00000201604f8220 JavaThread "Unconstrained build operations Thread 10"        [_thread_blocked, id=15056, stack(0x000000e17fe00000,0x000000e17ff00000) (1024K)]
  0x00000201604fa980 JavaThread "Unconstrained build operations Thread 11"        [_thread_blocked, id=28916, stack(0x000000e17ff00000,0x000000e180000000) (1024K)]
  0x00000201604f8f40 JavaThread "Unconstrained build operations Thread 12"        [_thread_blocked, id=31252, stack(0x000000e100000000,0x000000e100100000) (1024K)]
  0x0000020162551dc0 JavaThread "Unconstrained build operations Thread 13"        [_thread_blocked, id=23012, stack(0x000000e100100000,0x000000e100200000) (1024K)]
  0x0000020162552ae0 JavaThread "Unconstrained build operations Thread 14"        [_thread_blocked, id=36248, stack(0x000000e100200000,0x000000e100300000) (1024K)]
  0x0000020162554bb0 JavaThread "Unconstrained build operations Thread 15"        [_thread_blocked, id=36240, stack(0x000000e100300000,0x000000e100400000) (1024K)]
  0x0000020162553170 JavaThread "Unconstrained build operations Thread 16"        [_thread_blocked, id=36368, stack(0x000000e100400000,0x000000e100500000) (1024K)]
  0x0000020162552450 JavaThread "Unconstrained build operations Thread 17"        [_thread_blocked, id=31912, stack(0x000000e100500000,0x000000e100600000) (1024K)]
  0x00000201625558d0 JavaThread "Unconstrained build operations Thread 18"        [_thread_blocked, id=35432, stack(0x000000e100600000,0x000000e100700000) (1024K)]
  0x0000020162555240 JavaThread "Unconstrained build operations Thread 19"        [_thread_blocked, id=25980, stack(0x000000e100700000,0x000000e100800000) (1024K)]
  0x0000020162553e90 JavaThread "Unconstrained build operations Thread 20"        [_thread_blocked, id=30804, stack(0x000000e100800000,0x000000e100900000) (1024K)]
  0x0000020162555f60 JavaThread "Unconstrained build operations Thread 21"        [_thread_blocked, id=11404, stack(0x000000e100900000,0x000000e100a00000) (1024K)]
  0x00000201625565f0 JavaThread "Unconstrained build operations Thread 22"        [_thread_blocked, id=35576, stack(0x000000e100b00000,0x000000e100c00000) (1024K)]
  0x0000020162556c80 JavaThread "Unconstrained build operations Thread 23"        [_thread_blocked, id=33016, stack(0x000000e100c00000,0x000000e100d00000) (1024K)]
  0x0000020162553800 JavaThread "Unconstrained build operations Thread 24"        [_thread_blocked, id=30896, stack(0x000000e100d00000,0x000000e100e00000) (1024K)]
  0x0000020162554520 JavaThread "Unconstrained build operations Thread 25"        [_thread_blocked, id=28048, stack(0x000000e100e00000,0x000000e100f00000) (1024K)]
  0x00000201625579a0 JavaThread "Unconstrained build operations Thread 26"        [_thread_blocked, id=33184, stack(0x000000e100a00000,0x000000e100b00000) (1024K)]
  0x00000201625593e0 JavaThread "Unconstrained build operations Thread 27"        [_thread_blocked, id=34140, stack(0x000000e100f00000,0x000000e101000000) (1024K)]
  0x0000020162558d50 JavaThread "Unconstrained build operations Thread 28"        [_thread_blocked, id=29848, stack(0x000000e101000000,0x000000e101100000) (1024K)]
  0x0000020162557310 JavaThread "Unconstrained build operations Thread 29"        [_thread_blocked, id=27080, stack(0x000000e101100000,0x000000e101200000) (1024K)]
  0x0000020162558030 JavaThread "Unconstrained build operations Thread 30"        [_thread_blocked, id=32436, stack(0x000000e101200000,0x000000e101300000) (1024K)]
  0x00000201625586c0 JavaThread "Unconstrained build operations Thread 31"        [_thread_blocked, id=36016, stack(0x000000e101300000,0x000000e101400000) (1024K)]
  0x0000020161a84ce0 JavaThread "Unconstrained build operations Thread 32"        [_thread_blocked, id=21616, stack(0x000000e101400000,0x000000e101500000) (1024K)]
  0x0000020161a82c10 JavaThread "Unconstrained build operations Thread 33"        [_thread_blocked, id=27380, stack(0x000000e101500000,0x000000e101600000) (1024K)]
  0x0000020161a81860 JavaThread "Unconstrained build operations Thread 34"        [_thread_blocked, id=36804, stack(0x000000e101600000,0x000000e101700000) (1024K)]
  0x0000020161a84650 JavaThread "Unconstrained build operations Thread 35"        [_thread_blocked, id=35424, stack(0x000000e101700000,0x000000e101800000) (1024K)]
  0x0000020161a832a0 JavaThread "Unconstrained build operations Thread 36"        [_thread_blocked, id=30676, stack(0x000000e101800000,0x000000e101900000) (1024K)]
  0x0000020161a85370 JavaThread "build event listener"              [_thread_blocked, id=35096, stack(0x000000e101900000,0x000000e101a00000) (1024K)]
  0x0000020161a86720 JavaThread "Memory manager"                    [_thread_blocked, id=36820, stack(0x000000e101a00000,0x000000e101b00000) (1024K)]
  0x0000020161a86090 JavaThread "Problems report writer"            [_thread_blocked, id=34324, stack(0x000000e101b00000,0x000000e101c00000) (1024K)]
  0x00000201608db170 JavaThread "Unconstrained build operations Thread 37"        [_thread_blocked, id=32372, stack(0x000000e101c00000,0x000000e101d00000) (1024K)]
  0x00000201608db800 JavaThread "Unconstrained build operations Thread 38"        [_thread_blocked, id=29964, stack(0x000000e101d00000,0x000000e101e00000) (1024K)]
  0x00000201608dbe90 JavaThread "Unconstrained build operations Thread 39"        [_thread_blocked, id=36352, stack(0x000000e101e00000,0x000000e101f00000) (1024K)]
  0x00000201608d90a0 JavaThread "Unconstrained build operations Thread 40"        [_thread_blocked, id=35848, stack(0x000000e101f00000,0x000000e102000000) (1024K)]
  0x00000201608dcbb0 JavaThread "Unconstrained build operations Thread 41"        [_thread_blocked, id=31596, stack(0x000000e102000000,0x000000e102100000) (1024K)]
  0x00000201608d9730 JavaThread "Unconstrained build operations Thread 42"        [_thread_blocked, id=28424, stack(0x000000e102100000,0x000000e102200000) (1024K)]
  0x00000201608dd240 JavaThread "Unconstrained build operations Thread 43"        [_thread_blocked, id=16088, stack(0x000000e102200000,0x000000e102300000) (1024K)]
  0x00000201608da450 JavaThread "Unconstrained build operations Thread 44"        [_thread_blocked, id=25612, stack(0x000000e102300000,0x000000e102400000) (1024K)]
  0x00000201608d9dc0 JavaThread "Unconstrained build operations Thread 45"        [_thread_blocked, id=31932, stack(0x000000e102400000,0x000000e102500000) (1024K)]
  0x00000201608dd8d0 JavaThread "Unconstrained build operations Thread 46"        [_thread_blocked, id=30976, stack(0x000000e102500000,0x000000e102600000) (1024K)]
  0x00000201608ddf60 JavaThread "Unconstrained build operations Thread 47"        [_thread_blocked, id=24980, stack(0x000000e102600000,0x000000e102700000) (1024K)]
  0x00000201608de5f0 JavaThread "build event listener"              [_thread_blocked, id=32376, stack(0x000000e102700000,0x000000e102800000) (1024K)]
  0x000002015ff07fb0 JavaThread "Unconstrained build operations Thread 48"        [_thread_blocked, id=33268, stack(0x000000e102800000,0x000000e102900000) (1024K)]
  0x000002015ff05850 JavaThread "Unconstrained build operations Thread 49"        [_thread_blocked, id=28684, stack(0x000000e102900000,0x000000e102a00000) (1024K)]
  0x000002015ff04b30 JavaThread "Unconstrained build operations Thread 50"        [_thread_blocked, id=34064, stack(0x000000e102a00000,0x000000e102b00000) (1024K)]
  0x000002015ff051c0 JavaThread "Unconstrained build operations Thread 51"        [_thread_blocked, id=36276, stack(0x000000e102b00000,0x000000e102c00000) (1024K)]
  0x000002015ff08640 JavaThread "Unconstrained build operations Thread 52"        [_thread_blocked, id=35928, stack(0x000000e102c00000,0x000000e102d00000) (1024K)]
  0x000002015ff099f0 JavaThread "Unconstrained build operations Thread 53"        [_thread_blocked, id=22984, stack(0x000000e102d00000,0x000000e102e00000) (1024K)]
  0x000002015ff07290 JavaThread "Unconstrained build operations Thread 54"        [_thread_blocked, id=34160, stack(0x000000e102e00000,0x000000e102f00000) (1024K)]
  0x000002015ff0bac0 JavaThread "Unconstrained build operations Thread 55"        [_thread_blocked, id=35172, stack(0x000000e102f00000,0x000000e103000000) (1024K)]
  0x000002015ff09360 JavaThread "Unconstrained build operations Thread 56"        [_thread_blocked, id=30016, stack(0x000000e103000000,0x000000e103100000) (1024K)]
  0x000002015ff08cd0 JavaThread "Unconstrained build operations Thread 57"        [_thread_blocked, id=6972, stack(0x000000e103100000,0x000000e103200000) (1024K)]
  0x000002015ff0a080 JavaThread "Unconstrained build operations Thread 58"        [_thread_blocked, id=32584, stack(0x000000e103200000,0x000000e103300000) (1024K)]
  0x000002015ff0a710 JavaThread "Unconstrained build operations Thread 59"        [_thread_blocked, id=25948, stack(0x000000e103300000,0x000000e103400000) (1024K)]
  0x000002015ff0ada0 JavaThread "Unconstrained build operations Thread 60"        [_thread_blocked, id=32368, stack(0x000000e103400000,0x000000e103500000) (1024K)]
  0x000002015ff0b430 JavaThread "Unconstrained build operations Thread 61"        [_thread_blocked, id=30668, stack(0x000000e103500000,0x000000e103600000) (1024K)]
  0x00000201616a0de0 JavaThread "Unconstrained build operations Thread 62"        [_thread_blocked, id=16420, stack(0x000000e103600000,0x000000e103700000) (1024K)]
  0x00000201616a1470 JavaThread "Unconstrained build operations Thread 63"        [_thread_blocked, id=19832, stack(0x000000e103700000,0x000000e103800000) (1024K)]
  0x00000201616a3540 JavaThread "Unconstrained build operations Thread 64"        [_thread_blocked, id=26340, stack(0x000000e103800000,0x000000e103900000) (1024K)]
  0x00000201616a1b00 JavaThread "Unconstrained build operations Thread 65"        [_thread_blocked, id=5116, stack(0x000000e103900000,0x000000e103a00000) (1024K)]
  0x00000201616a00c0 JavaThread "Unconstrained build operations Thread 66"        [_thread_blocked, id=27772, stack(0x000000e103a00000,0x000000e103b00000) (1024K)]
  0x00000201616a0750 JavaThread "Unconstrained build operations Thread 67"        [_thread_blocked, id=26688, stack(0x000000e103b00000,0x000000e103c00000) (1024K)]
  0x00000201616a2eb0 JavaThread "Unconstrained build operations Thread 68"        [_thread_blocked, id=31996, stack(0x000000e103c00000,0x000000e103d00000) (1024K)]
  0x00000201616a2190 JavaThread "Unconstrained build operations Thread 69"        [_thread_blocked, id=7712, stack(0x000000e103d00000,0x000000e103e00000) (1024K)]
  0x00000201616a2820 JavaThread "Unconstrained build operations Thread 70"        [_thread_blocked, id=31784, stack(0x000000e103e00000,0x000000e103f00000) (1024K)]
  0x000002015ff05ee0 JavaThread "Unconstrained build operations Thread 71"        [_thread_blocked, id=30836, stack(0x000000e103f00000,0x000000e104000000) (1024K)]
=>0x00000201642ff0c0 JavaThread "C2 CompilerThread1"         daemon [_thread_in_native, id=9736, stack(0x000000e104000000,0x000000e104100000) (1024K)]
  0x00000201642ff790 JavaThread "C2 CompilerThread2"         daemon [_thread_in_native, id=23660, stack(0x000000e104100000,0x000000e104200000) (1024K)]
Total: 115

Other Threads:
  0x000002013ef703e0 VMThread "VM Thread"                           [id=27216, stack(0x000000e17c100000,0x000000e17c200000) (1024K)]
  0x000002015a0819e0 WatcherThread "VM Periodic Task Thread"        [id=9108, stack(0x000000e17c000000,0x000000e17c100000) (1024K)]
  0x00000201250de060 WorkerThread "GC Thread#0"                     [id=35920, stack(0x000000e17bb00000,0x000000e17bc00000) (1024K)]
  0x000002015a38dea0 WorkerThread "GC Thread#1"                     [id=26604, stack(0x000000e17cd00000,0x000000e17ce00000) (1024K)]
  0x000002015a57fee0 WorkerThread "GC Thread#2"                     [id=31904, stack(0x000000e17ce00000,0x000000e17cf00000) (1024K)]
  0x000002015a580290 WorkerThread "GC Thread#3"                     [id=31084, stack(0x000000e17cf00000,0x000000e17d000000) (1024K)]
  0x000002015a580640 WorkerThread "GC Thread#4"                     [id=36056, stack(0x000000e17d000000,0x000000e17d100000) (1024K)]
  0x000002015a5809f0 WorkerThread "GC Thread#5"                     [id=26320, stack(0x000000e17d100000,0x000000e17d200000) (1024K)]
  0x0000020160f2eb10 WorkerThread "GC Thread#6"                     [id=29768, stack(0x000000e17de00000,0x000000e17df00000) (1024K)]
  0x0000020160f2e000 WorkerThread "GC Thread#7"                     [id=32548, stack(0x000000e17df00000,0x000000e17e000000) (1024K)]
  0x0000020160f2eec0 WorkerThread "GC Thread#8"                     [id=31880, stack(0x000000e17e000000,0x000000e17e100000) (1024K)]
  0x000002016231a550 WorkerThread "GC Thread#9"                     [id=30920, stack(0x000000e17e100000,0x000000e17e200000) (1024K)]
  0x000002012538e210 ConcurrentGCThread "G1 Main Marker"            [id=36340, stack(0x000000e17bc00000,0x000000e17bd00000) (1024K)]
  0x00000201253902c0 WorkerThread "G1 Conc#0"                       [id=26656, stack(0x000000e17bd00000,0x000000e17be00000) (1024K)]
  0x000002016231a1a0 WorkerThread "G1 Conc#1"                       [id=30588, stack(0x000000e17e200000,0x000000e17e300000) (1024K)]
  0x0000020162318b80 WorkerThread "G1 Conc#2"                       [id=32532, stack(0x000000e17e300000,0x000000e17e400000) (1024K)]
  0x000002013eeb1b40 ConcurrentGCThread "G1 Refine#0"               [id=30700, stack(0x000000e17be00000,0x000000e17bf00000) (1024K)]
  0x000002013eeb2370 ConcurrentGCThread "G1 Service"                [id=35060, stack(0x000000e17bf00000,0x000000e17c000000) (1024K)]
Total: 18

Threads with active compile tasks:
C2 CompilerThread0  105455 14092   !   4       org.jetbrains.kotlin.metadata.ProtoBuf$Type::<init> (875 bytes)
C2 CompilerThread1  105455 14137       4       org.jetbrains.org.objectweb.asm.ClassReader::readMethod (1093 bytes)
C2 CompilerThread2  105455 14096   !   4       org.jetbrains.kotlin.metadata.ProtoBuf$Function::<init> (1811 bytes)
Total: 3

VM state: not at safepoint (normal execution)

VM Mutex/Monitor currently owned by a thread: None

Heap address: 0x0000000080000000, size: 2048 MB, Compressed Oops mode: 32-bit

CDS archive(s) mapped at: [0x000002013f000000-0x000002013fba0000-0x000002013fba0000), size 12189696, SharedBaseAddress: 0x000002013f000000, ArchiveRelocationMode: 1.
Compressed class space mapped at: 0x0000020140000000-0x000002015a000000, reserved size: 436207616
Narrow klass base: 0x000002013f000000, Narrow klass shift: 0, Narrow klass range: 0x100000000

GC Precious Log:
 CardTable entry size: 512
 Card Set container configuration: InlinePtr #cards 5 size 8 Array Of Cards #cards 12 size 40 Howl #buckets 4 coarsen threshold 1843 Howl Bitmap #cards 512 size 80 coarsen threshold 460 Card regions per heap region 1 cards per card region 2048
 CPUs: 12 total, 12 available
 Memory: 16057M
 Large Page Support: Disabled
 NUMA Support: Disabled
 Compressed Oops: Enabled (32-bit)
 Heap Region Size: 1M
 Heap Min Capacity: 8M
 Heap Initial Capacity: 252M
 Heap Max Capacity: 2G
 Pre-touch: Disabled
 Parallel Workers: 10
 Concurrent Workers: 3
 Concurrent Refinement Workers: 10
 Periodic GC: Disabled

Heap:
 garbage-first heap   total 211968K, used 179866K [0x0000000080000000, 0x0000000100000000)
  region size 1024K, 54 young (55296K), 7 survivors (7168K)
 Metaspace       used 126838K, committed 129344K, reserved 557056K
  class space    used 17416K, committed 18624K, reserved 425984K

Heap Regions: E=young(eden), S=young(survivor), O=old, HS=humongous(starts), HC=humongous(continues), CS=collection set, F=free, TAMS=top-at-mark-start, PB=parsable bottom
|   0|0x0000000080000000, 0x0000000080100000, 0x0000000080100000|100%|HS|  |TAMS 0x0000000080000000| PB 0x0000000080000000| Complete 
|   1|0x0000000080100000, 0x0000000080200000, 0x0000000080200000|100%|HC|  |TAMS 0x0000000080100000| PB 0x0000000080100000| Complete 
|   2|0x0000000080200000, 0x0000000080300000, 0x0000000080300000|100%|HC|  |TAMS 0x0000000080200000| PB 0x0000000080200000| Complete 
|   3|0x0000000080300000, 0x0000000080400000, 0x0000000080400000|100%|HC|  |TAMS 0x0000000080300000| PB 0x0000000080300000| Complete 
|   4|0x0000000080400000, 0x0000000080500000, 0x0000000080500000|100%| O|  |TAMS 0x0000000080400000| PB 0x0000000080400000| Untracked 
|   5|0x0000000080500000, 0x0000000080600000, 0x0000000080600000|100%| O|  |TAMS 0x0000000080500000| PB 0x0000000080500000| Untracked 
|   6|0x0000000080600000, 0x0000000080700000, 0x0000000080700000|100%| O|  |TAMS 0x0000000080600000| PB 0x0000000080600000| Untracked 
|   7|0x0000000080700000, 0x0000000080800000, 0x0000000080800000|100%|HS|  |TAMS 0x0000000080700000| PB 0x0000000080700000| Complete 
|   8|0x0000000080800000, 0x0000000080900000, 0x0000000080900000|100%| O|  |TAMS 0x0000000080800000| PB 0x0000000080800000| Untracked 
|   9|0x0000000080900000, 0x0000000080a00000, 0x0000000080a00000|100%| O|  |TAMS 0x0000000080900000| PB 0x0000000080900000| Untracked 
|  10|0x0000000080a00000, 0x0000000080b00000, 0x0000000080b00000|100%| O|  |TAMS 0x0000000080a00000| PB 0x0000000080a00000| Untracked 
|  11|0x0000000080b00000, 0x0000000080c00000, 0x0000000080c00000|100%| O|  |TAMS 0x0000000080b00000| PB 0x0000000080b00000| Untracked 
|  12|0x0000000080c00000, 0x0000000080d00000, 0x0000000080d00000|100%| O|  |TAMS 0x0000000080c00000| PB 0x0000000080c00000| Untracked 
|  13|0x0000000080d00000, 0x0000000080e00000, 0x0000000080e00000|100%| O|  |TAMS 0x0000000080d00000| PB 0x0000000080d00000| Untracked 
|  14|0x0000000080e00000, 0x0000000080f00000, 0x0000000080f00000|100%| O|  |TAMS 0x0000000080e00000| PB 0x0000000080e00000| Untracked 
|  15|0x0000000080f00000, 0x0000000081000000, 0x0000000081000000|100%| O|  |TAMS 0x0000000080f00000| PB 0x0000000080f00000| Untracked 
|  16|0x0000000081000000, 0x0000000081100000, 0x0000000081100000|100%| O|  |TAMS 0x0000000081000000| PB 0x0000000081000000| Untracked 
|  17|0x0000000081100000, 0x0000000081200000, 0x0000000081200000|100%| O|  |TAMS 0x0000000081100000| PB 0x0000000081100000| Untracked 
|  18|0x0000000081200000, 0x0000000081300000, 0x0000000081300000|100%| O|  |TAMS 0x0000000081200000| PB 0x0000000081200000| Untracked 
|  19|0x0000000081300000, 0x0000000081400000, 0x0000000081400000|100%| O|  |TAMS 0x0000000081300000| PB 0x0000000081300000| Untracked 
|  20|0x0000000081400000, 0x0000000081500000, 0x0000000081500000|100%| O|  |TAMS 0x0000000081400000| PB 0x0000000081400000| Untracked 
|  21|0x0000000081500000, 0x0000000081600000, 0x0000000081600000|100%| O|  |TAMS 0x0000000081500000| PB 0x0000000081500000| Untracked 
|  22|0x0000000081600000, 0x0000000081700000, 0x0000000081700000|100%| O|  |TAMS 0x0000000081600000| PB 0x0000000081600000| Untracked 
|  23|0x0000000081700000, 0x0000000081800000, 0x0000000081800000|100%| O|  |TAMS 0x0000000081700000| PB 0x0000000081700000| Untracked 
|  24|0x0000000081800000, 0x0000000081900000, 0x0000000081900000|100%| O|  |TAMS 0x0000000081800000| PB 0x0000000081800000| Untracked 
|  25|0x0000000081900000, 0x0000000081a00000, 0x0000000081a00000|100%| O|  |TAMS 0x0000000081900000| PB 0x0000000081900000| Untracked 
|  26|0x0000000081a00000, 0x0000000081b00000, 0x0000000081b00000|100%| O|  |TAMS 0x0000000081a00000| PB 0x0000000081a00000| Untracked 
|  27|0x0000000081b00000, 0x0000000081c00000, 0x0000000081c00000|100%| O|  |TAMS 0x0000000081b00000| PB 0x0000000081b00000| Untracked 
|  28|0x0000000081c00000, 0x0000000081d00000, 0x0000000081d00000|100%| O|  |TAMS 0x0000000081c00000| PB 0x0000000081c00000| Untracked 
|  29|0x0000000081d00000, 0x0000000081e00000, 0x0000000081e00000|100%| O|  |TAMS 0x0000000081d00000| PB 0x0000000081d00000| Untracked 
|  30|0x0000000081e00000, 0x0000000081f00000, 0x0000000081f00000|100%| O|  |TAMS 0x0000000081e00000| PB 0x0000000081e00000| Untracked 
|  31|0x0000000081f00000, 0x0000000082000000, 0x0000000082000000|100%| O|  |TAMS 0x0000000081f00000| PB 0x0000000081f00000| Untracked 
|  32|0x0000000082000000, 0x0000000082100000, 0x0000000082100000|100%| O|  |TAMS 0x0000000082000000| PB 0x0000000082000000| Untracked 
|  33|0x0000000082100000, 0x0000000082200000, 0x0000000082200000|100%| O|  |TAMS 0x0000000082100000| PB 0x0000000082100000| Untracked 
|  34|0x0000000082200000, 0x0000000082300000, 0x0000000082300000|100%| O|  |TAMS 0x0000000082200000| PB 0x0000000082200000| Untracked 
|  35|0x0000000082300000, 0x0000000082400000, 0x0000000082400000|100%| O|  |TAMS 0x0000000082300000| PB 0x0000000082300000| Untracked 
|  36|0x0000000082400000, 0x0000000082500000, 0x0000000082500000|100%| O|  |TAMS 0x0000000082400000| PB 0x0000000082400000| Untracked 
|  37|0x0000000082500000, 0x0000000082600000, 0x0000000082600000|100%| O|  |TAMS 0x0000000082500000| PB 0x0000000082500000| Untracked 
|  38|0x0000000082600000, 0x0000000082700000, 0x0000000082700000|100%| O|  |TAMS 0x0000000082600000| PB 0x0000000082600000| Untracked 
|  39|0x0000000082700000, 0x0000000082800000, 0x0000000082800000|100%| O|  |TAMS 0x0000000082700000| PB 0x0000000082700000| Untracked 
|  40|0x0000000082800000, 0x0000000082900000, 0x0000000082900000|100%| O|  |TAMS 0x0000000082800000| PB 0x0000000082800000| Untracked 
|  41|0x0000000082900000, 0x0000000082a00000, 0x0000000082a00000|100%| O|  |TAMS 0x0000000082900000| PB 0x0000000082900000| Untracked 
|  42|0x0000000082a00000, 0x0000000082b00000, 0x0000000082b00000|100%| O|  |TAMS 0x0000000082a00000| PB 0x0000000082a00000| Untracked 
|  43|0x0000000082b00000, 0x0000000082c00000, 0x0000000082c00000|100%| O|  |TAMS 0x0000000082b00000| PB 0x0000000082b00000| Untracked 
|  44|0x0000000082c00000, 0x0000000082d00000, 0x0000000082d00000|100%| O|  |TAMS 0x0000000082c00000| PB 0x0000000082c00000| Untracked 
|  45|0x0000000082d00000, 0x0000000082e00000, 0x0000000082e00000|100%| O|  |TAMS 0x0000000082d00000| PB 0x0000000082d00000| Untracked 
|  46|0x0000000082e00000, 0x0000000082f00000, 0x0000000082f00000|100%| O|  |TAMS 0x0000000082e00000| PB 0x0000000082e00000| Untracked 
|  47|0x0000000082f00000, 0x0000000083000000, 0x0000000083000000|100%| O|  |TAMS 0x0000000082f00000| PB 0x0000000082f00000| Untracked 
|  48|0x0000000083000000, 0x0000000083100000, 0x0000000083100000|100%|HS|  |TAMS 0x0000000083000000| PB 0x0000000083000000| Complete 
|  49|0x0000000083100000, 0x0000000083200000, 0x0000000083200000|100%|HC|  |TAMS 0x0000000083100000| PB 0x0000000083100000| Complete 
|  50|0x0000000083200000, 0x0000000083300000, 0x0000000083300000|100%|HC|  |TAMS 0x0000000083200000| PB 0x0000000083200000| Complete 
|  51|0x0000000083300000, 0x0000000083400000, 0x0000000083400000|100%|HS|  |TAMS 0x0000000083300000| PB 0x0000000083300000| Complete 
|  52|0x0000000083400000, 0x0000000083500000, 0x0000000083500000|100%|HC|  |TAMS 0x0000000083400000| PB 0x0000000083400000| Complete 
|  53|0x0000000083500000, 0x0000000083600000, 0x0000000083600000|100%|HC|  |TAMS 0x0000000083500000| PB 0x0000000083500000| Complete 
|  54|0x0000000083600000, 0x0000000083700000, 0x0000000083700000|100%| O|  |TAMS 0x0000000083600000| PB 0x0000000083600000| Untracked 
|  55|0x0000000083700000, 0x0000000083800000, 0x0000000083800000|100%| O|  |TAMS 0x0000000083700000| PB 0x0000000083700000| Untracked 
|  56|0x0000000083800000, 0x0000000083900000, 0x0000000083900000|100%| O|  |TAMS 0x0000000083800000| PB 0x0000000083800000| Untracked 
|  57|0x0000000083900000, 0x0000000083a00000, 0x0000000083a00000|100%| O|  |TAMS 0x0000000083900000| PB 0x0000000083900000| Untracked 
|  58|0x0000000083a00000, 0x0000000083b00000, 0x0000000083b00000|100%| O|  |TAMS 0x0000000083a00000| PB 0x0000000083a00000| Untracked 
|  59|0x0000000083b00000, 0x0000000083c00000, 0x0000000083c00000|100%| O|  |TAMS 0x0000000083b00000| PB 0x0000000083b00000| Untracked 
|  60|0x0000000083c00000, 0x0000000083d00000, 0x0000000083d00000|100%| O|  |TAMS 0x0000000083c00000| PB 0x0000000083c00000| Untracked 
|  61|0x0000000083d00000, 0x0000000083e00000, 0x0000000083e00000|100%| O|  |TAMS 0x0000000083d00000| PB 0x0000000083d00000| Untracked 
|  62|0x0000000083e00000, 0x0000000083f00000, 0x0000000083f00000|100%| O|  |TAMS 0x0000000083e00000| PB 0x0000000083e00000| Untracked 
|  63|0x0000000083f00000, 0x0000000084000000, 0x0000000084000000|100%| O|  |TAMS 0x0000000083f00000| PB 0x0000000083f00000| Untracked 
|  64|0x0000000084000000, 0x0000000084100000, 0x0000000084100000|100%| O|  |TAMS 0x0000000084000000| PB 0x0000000084000000| Untracked 
|  65|0x0000000084100000, 0x0000000084200000, 0x0000000084200000|100%| O|  |TAMS 0x0000000084100000| PB 0x0000000084100000| Untracked 
|  66|0x0000000084200000, 0x0000000084300000, 0x0000000084300000|100%| O|  |TAMS 0x0000000084200000| PB 0x0000000084200000| Untracked 
|  67|0x0000000084300000, 0x0000000084400000, 0x0000000084400000|100%| O|  |TAMS 0x0000000084300000| PB 0x0000000084300000| Untracked 
|  68|0x0000000084400000, 0x0000000084500000, 0x0000000084500000|100%| O|  |TAMS 0x0000000084400000| PB 0x0000000084400000| Untracked 
|  69|0x0000000084500000, 0x0000000084600000, 0x0000000084600000|100%| O|  |TAMS 0x0000000084500000| PB 0x0000000084500000| Untracked 
|  70|0x0000000084600000, 0x0000000084700000, 0x0000000084700000|100%| O|  |TAMS 0x0000000084600000| PB 0x0000000084600000| Untracked 
|  71|0x0000000084700000, 0x0000000084800000, 0x0000000084800000|100%| O|  |TAMS 0x0000000084700000| PB 0x0000000084700000| Untracked 
|  72|0x0000000084800000, 0x0000000084900000, 0x0000000084900000|100%| O|  |TAMS 0x0000000084800000| PB 0x0000000084800000| Untracked 
|  73|0x0000000084900000, 0x0000000084a00000, 0x0000000084a00000|100%| O|  |TAMS 0x0000000084900000| PB 0x0000000084900000| Untracked 
|  74|0x0000000084a00000, 0x0000000084b00000, 0x0000000084b00000|100%| O|  |TAMS 0x0000000084a00000| PB 0x0000000084a00000| Untracked 
|  75|0x0000000084b00000, 0x0000000084c00000, 0x0000000084c00000|100%| O|  |TAMS 0x0000000084b00000| PB 0x0000000084b00000| Untracked 
|  76|0x0000000084c00000, 0x0000000084d00000, 0x0000000084d00000|100%| O|  |TAMS 0x0000000084c00000| PB 0x0000000084c00000| Untracked 
|  77|0x0000000084d00000, 0x0000000084e00000, 0x0000000084e00000|100%| O|  |TAMS 0x0000000084d00000| PB 0x0000000084d00000| Untracked 
|  78|0x0000000084e00000, 0x0000000084f00000, 0x0000000084f00000|100%| O|  |TAMS 0x0000000084e00000| PB 0x0000000084e00000| Untracked 
|  79|0x0000000084f00000, 0x0000000085000000, 0x0000000085000000|100%| O|  |TAMS 0x0000000084f00000| PB 0x0000000084f00000| Untracked 
|  80|0x0000000085000000, 0x0000000085100000, 0x0000000085100000|100%| O|  |TAMS 0x0000000085000000| PB 0x0000000085000000| Untracked 
|  81|0x0000000085100000, 0x0000000085200000, 0x0000000085200000|100%| O|  |TAMS 0x0000000085100000| PB 0x0000000085100000| Untracked 
|  82|0x0000000085200000, 0x0000000085300000, 0x0000000085300000|100%| O|  |TAMS 0x0000000085200000| PB 0x0000000085200000| Untracked 
|  83|0x0000000085300000, 0x0000000085400000, 0x0000000085400000|100%| O|  |TAMS 0x0000000085300000| PB 0x0000000085300000| Untracked 
|  84|0x0000000085400000, 0x0000000085500000, 0x0000000085500000|100%| O|  |TAMS 0x0000000085400000| PB 0x0000000085400000| Untracked 
|  85|0x0000000085500000, 0x0000000085600000, 0x0000000085600000|100%| O|Cm|TAMS 0x0000000085500000| PB 0x0000000085500000| Complete 
|  86|0x0000000085600000, 0x0000000085700000, 0x0000000085700000|100%| O|Cm|TAMS 0x0000000085600000| PB 0x0000000085600000| Complete 
|  87|0x0000000085700000, 0x0000000085800000, 0x0000000085800000|100%| O|  |TAMS 0x0000000085700000| PB 0x0000000085700000| Untracked 
|  88|0x0000000085800000, 0x0000000085900000, 0x0000000085900000|100%| O|  |TAMS 0x0000000085800000| PB 0x0000000085800000| Untracked 
|  89|0x0000000085900000, 0x0000000085a00000, 0x0000000085a00000|100%| O|Cm|TAMS 0x0000000085900000| PB 0x0000000085900000| Complete 
|  90|0x0000000085a00000, 0x0000000085b00000, 0x0000000085b00000|100%| O|  |TAMS 0x0000000085a00000| PB 0x0000000085a00000| Untracked 
|  91|0x0000000085b00000, 0x0000000085c00000, 0x0000000085c00000|100%| O|  |TAMS 0x0000000085b00000| PB 0x0000000085b00000| Untracked 
|  92|0x0000000085c00000, 0x0000000085d00000, 0x0000000085d00000|100%| O|  |TAMS 0x0000000085c00000| PB 0x0000000085c00000| Untracked 
|  93|0x0000000085d00000, 0x0000000085e00000, 0x0000000085e00000|100%| O|  |TAMS 0x0000000085d00000| PB 0x0000000085d00000| Untracked 
|  94|0x0000000085e00000, 0x0000000085f00000, 0x0000000085f00000|100%| O|  |TAMS 0x0000000085e00000| PB 0x0000000085e00000| Untracked 
|  95|0x0000000085f00000, 0x0000000086000000, 0x0000000086000000|100%| O|  |TAMS 0x0000000085f00000| PB 0x0000000085f00000| Untracked 
|  96|0x0000000086000000, 0x0000000086100000, 0x0000000086100000|100%| O|  |TAMS 0x0000000086000000| PB 0x0000000086000000| Untracked 
|  97|0x0000000086100000, 0x00000000861a6b00, 0x0000000086200000| 65%| O|  |TAMS 0x0000000086100000| PB 0x0000000086100000| Untracked 
|  98|0x0000000086200000, 0x0000000086300000, 0x0000000086300000|100%|HS|  |TAMS 0x0000000086200000| PB 0x0000000086200000| Complete 
|  99|0x0000000086300000, 0x0000000086300000, 0x0000000086400000|  0%| F|  |TAMS 0x0000000086300000| PB 0x0000000086300000| Untracked 
| 100|0x0000000086400000, 0x0000000086400000, 0x0000000086500000|  0%| F|  |TAMS 0x0000000086400000| PB 0x0000000086400000| Untracked 
| 101|0x0000000086500000, 0x0000000086500000, 0x0000000086600000|  0%| F|  |TAMS 0x0000000086500000| PB 0x0000000086500000| Untracked 
| 102|0x0000000086600000, 0x0000000086600000, 0x0000000086700000|  0%| F|  |TAMS 0x0000000086600000| PB 0x0000000086600000| Untracked 
| 103|0x0000000086700000, 0x0000000086700000, 0x0000000086800000|  0%| F|  |TAMS 0x0000000086700000| PB 0x0000000086700000| Untracked 
| 104|0x0000000086800000, 0x0000000086800000, 0x0000000086900000|  0%| F|  |TAMS 0x0000000086800000| PB 0x0000000086800000| Untracked 
| 105|0x0000000086900000, 0x0000000086900000, 0x0000000086a00000|  0%| F|  |TAMS 0x0000000086900000| PB 0x0000000086900000| Untracked 
| 106|0x0000000086a00000, 0x0000000086a00000, 0x0000000086b00000|  0%| F|  |TAMS 0x0000000086a00000| PB 0x0000000086a00000| Untracked 
| 107|0x0000000086b00000, 0x0000000086b00000, 0x0000000086c00000|  0%| F|  |TAMS 0x0000000086b00000| PB 0x0000000086b00000| Untracked 
| 108|0x0000000086c00000, 0x0000000086c00000, 0x0000000086d00000|  0%| F|  |TAMS 0x0000000086c00000| PB 0x0000000086c00000| Untracked 
| 109|0x0000000086d00000, 0x0000000086d00000, 0x0000000086e00000|  0%| F|  |TAMS 0x0000000086d00000| PB 0x0000000086d00000| Untracked 
| 110|0x0000000086e00000, 0x0000000086e00000, 0x0000000086f00000|  0%| F|  |TAMS 0x0000000086e00000| PB 0x0000000086e00000| Untracked 
| 111|0x0000000086f00000, 0x0000000086f00000, 0x0000000087000000|  0%| F|  |TAMS 0x0000000086f00000| PB 0x0000000086f00000| Untracked 
| 112|0x0000000087000000, 0x0000000087000000, 0x0000000087100000|  0%| F|  |TAMS 0x0000000087000000| PB 0x0000000087000000| Untracked 
| 113|0x0000000087100000, 0x0000000087100000, 0x0000000087200000|  0%| F|  |TAMS 0x0000000087100000| PB 0x0000000087100000| Untracked 
| 114|0x0000000087200000, 0x0000000087200000, 0x0000000087300000|  0%| F|  |TAMS 0x0000000087200000| PB 0x0000000087200000| Untracked 
| 115|0x0000000087300000, 0x0000000087300000, 0x0000000087400000|  0%| F|  |TAMS 0x0000000087300000| PB 0x0000000087300000| Untracked 
| 116|0x0000000087400000, 0x0000000087400000, 0x0000000087500000|  0%| F|  |TAMS 0x0000000087400000| PB 0x0000000087400000| Untracked 
| 117|0x0000000087500000, 0x0000000087500000, 0x0000000087600000|  0%| F|  |TAMS 0x0000000087500000| PB 0x0000000087500000| Untracked 
| 118|0x0000000087600000, 0x0000000087600000, 0x0000000087700000|  0%| F|  |TAMS 0x0000000087600000| PB 0x0000000087600000| Untracked 
| 119|0x0000000087700000, 0x0000000087700000, 0x0000000087800000|  0%| F|  |TAMS 0x0000000087700000| PB 0x0000000087700000| Untracked 
| 120|0x0000000087800000, 0x0000000087800000, 0x0000000087900000|  0%| F|  |TAMS 0x0000000087800000| PB 0x0000000087800000| Untracked 
| 121|0x0000000087900000, 0x0000000087900000, 0x0000000087a00000|  0%| F|  |TAMS 0x0000000087900000| PB 0x0000000087900000| Untracked 
| 122|0x0000000087a00000, 0x0000000087a00000, 0x0000000087b00000|  0%| F|  |TAMS 0x0000000087a00000| PB 0x0000000087a00000| Untracked 
| 123|0x0000000087b00000, 0x0000000087b00000, 0x0000000087c00000|  0%| F|  |TAMS 0x0000000087b00000| PB 0x0000000087b00000| Untracked 
| 124|0x0000000087c00000, 0x0000000087d00000, 0x0000000087d00000|100%| S|CS|TAMS 0x0000000087c00000| PB 0x0000000087c00000| Complete 
| 125|0x0000000087d00000, 0x0000000087e00000, 0x0000000087e00000|100%| S|CS|TAMS 0x0000000087d00000| PB 0x0000000087d00000| Complete 
| 126|0x0000000087e00000, 0x0000000087f00000, 0x0000000087f00000|100%| S|CS|TAMS 0x0000000087e00000| PB 0x0000000087e00000| Complete 
| 127|0x0000000087f00000, 0x0000000088000000, 0x0000000088000000|100%| S|CS|TAMS 0x0000000087f00000| PB 0x0000000087f00000| Complete 
| 128|0x0000000088000000, 0x0000000088100000, 0x0000000088100000|100%| S|CS|TAMS 0x0000000088000000| PB 0x0000000088000000| Complete 
| 129|0x0000000088100000, 0x0000000088200000, 0x0000000088200000|100%| S|CS|TAMS 0x0000000088100000| PB 0x0000000088100000| Complete 
| 130|0x0000000088200000, 0x0000000088300000, 0x0000000088300000|100%| S|CS|TAMS 0x0000000088200000| PB 0x0000000088200000| Complete 
| 131|0x0000000088300000, 0x0000000088300000, 0x0000000088400000|  0%| F|  |TAMS 0x0000000088300000| PB 0x0000000088300000| Untracked 
| 132|0x0000000088400000, 0x0000000088400000, 0x0000000088500000|  0%| F|  |TAMS 0x0000000088400000| PB 0x0000000088400000| Untracked 
| 133|0x0000000088500000, 0x0000000088500000, 0x0000000088600000|  0%| F|  |TAMS 0x0000000088500000| PB 0x0000000088500000| Untracked 
| 134|0x0000000088600000, 0x0000000088600000, 0x0000000088700000|  0%| F|  |TAMS 0x0000000088600000| PB 0x0000000088600000| Untracked 
| 135|0x0000000088700000, 0x0000000088700000, 0x0000000088800000|  0%| F|  |TAMS 0x0000000088700000| PB 0x0000000088700000| Untracked 
| 136|0x0000000088800000, 0x0000000088900000, 0x0000000088900000|100%| E|  |TAMS 0x0000000088800000| PB 0x0000000088800000| Complete 
| 137|0x0000000088900000, 0x0000000088a00000, 0x0000000088a00000|100%| E|CS|TAMS 0x0000000088900000| PB 0x0000000088900000| Complete 
| 138|0x0000000088a00000, 0x0000000088b00000, 0x0000000088b00000|100%| E|CS|TAMS 0x0000000088a00000| PB 0x0000000088a00000| Complete 
| 139|0x0000000088b00000, 0x0000000088c00000, 0x0000000088c00000|100%| E|CS|TAMS 0x0000000088b00000| PB 0x0000000088b00000| Complete 
| 140|0x0000000088c00000, 0x0000000088d00000, 0x0000000088d00000|100%| E|CS|TAMS 0x0000000088c00000| PB 0x0000000088c00000| Complete 
| 141|0x0000000088d00000, 0x0000000088e00000, 0x0000000088e00000|100%| E|CS|TAMS 0x0000000088d00000| PB 0x0000000088d00000| Complete 
| 142|0x0000000088e00000, 0x0000000088f00000, 0x0000000088f00000|100%| E|CS|TAMS 0x0000000088e00000| PB 0x0000000088e00000| Complete 
| 143|0x0000000088f00000, 0x0000000089000000, 0x0000000089000000|100%| E|CS|TAMS 0x0000000088f00000| PB 0x0000000088f00000| Complete 
| 144|0x0000000089000000, 0x0000000089100000, 0x0000000089100000|100%| E|CS|TAMS 0x0000000089000000| PB 0x0000000089000000| Complete 
| 145|0x0000000089100000, 0x0000000089200000, 0x0000000089200000|100%| E|CS|TAMS 0x0000000089100000| PB 0x0000000089100000| Complete 
| 146|0x0000000089200000, 0x0000000089300000, 0x0000000089300000|100%| E|CS|TAMS 0x0000000089200000| PB 0x0000000089200000| Complete 
| 147|0x0000000089300000, 0x0000000089400000, 0x0000000089400000|100%| E|CS|TAMS 0x0000000089300000| PB 0x0000000089300000| Complete 
| 148|0x0000000089400000, 0x0000000089500000, 0x0000000089500000|100%| E|CS|TAMS 0x0000000089400000| PB 0x0000000089400000| Complete 
| 149|0x0000000089500000, 0x0000000089600000, 0x0000000089600000|100%| E|CS|TAMS 0x0000000089500000| PB 0x0000000089500000| Complete 
| 150|0x0000000089600000, 0x0000000089700000, 0x0000000089700000|100%| E|CS|TAMS 0x0000000089600000| PB 0x0000000089600000| Complete 
| 151|0x0000000089700000, 0x0000000089800000, 0x0000000089800000|100%| E|CS|TAMS 0x0000000089700000| PB 0x0000000089700000| Complete 
| 152|0x0000000089800000, 0x0000000089900000, 0x0000000089900000|100%| E|CS|TAMS 0x0000000089800000| PB 0x0000000089800000| Complete 
| 153|0x0000000089900000, 0x0000000089a00000, 0x0000000089a00000|100%| E|CS|TAMS 0x0000000089900000| PB 0x0000000089900000| Complete 
| 154|0x0000000089a00000, 0x0000000089b00000, 0x0000000089b00000|100%| E|CS|TAMS 0x0000000089a00000| PB 0x0000000089a00000| Complete 
| 155|0x0000000089b00000, 0x0000000089c00000, 0x0000000089c00000|100%| E|CS|TAMS 0x0000000089b00000| PB 0x0000000089b00000| Complete 
| 156|0x0000000089c00000, 0x0000000089d00000, 0x0000000089d00000|100%| E|CS|TAMS 0x0000000089c00000| PB 0x0000000089c00000| Complete 
| 157|0x0000000089d00000, 0x0000000089e00000, 0x0000000089e00000|100%| E|CS|TAMS 0x0000000089d00000| PB 0x0000000089d00000| Complete 
| 158|0x0000000089e00000, 0x0000000089f00000, 0x0000000089f00000|100%| E|CS|TAMS 0x0000000089e00000| PB 0x0000000089e00000| Complete 
| 159|0x0000000089f00000, 0x000000008a000000, 0x000000008a000000|100%| E|CS|TAMS 0x0000000089f00000| PB 0x0000000089f00000| Complete 
| 160|0x000000008a000000, 0x000000008a100000, 0x000000008a100000|100%| E|CS|TAMS 0x000000008a000000| PB 0x000000008a000000| Complete 
| 161|0x000000008a100000, 0x000000008a200000, 0x000000008a200000|100%| E|CS|TAMS 0x000000008a100000| PB 0x000000008a100000| Complete 
| 162|0x000000008a200000, 0x000000008a300000, 0x000000008a300000|100%| E|CS|TAMS 0x000000008a200000| PB 0x000000008a200000| Complete 
| 163|0x000000008a300000, 0x000000008a400000, 0x000000008a400000|100%| E|CS|TAMS 0x000000008a300000| PB 0x000000008a300000| Complete 
| 164|0x000000008a400000, 0x000000008a500000, 0x000000008a500000|100%| E|CS|TAMS 0x000000008a400000| PB 0x000000008a400000| Complete 
| 165|0x000000008a500000, 0x000000008a600000, 0x000000008a600000|100%| E|CS|TAMS 0x000000008a500000| PB 0x000000008a500000| Complete 
| 166|0x000000008a600000, 0x000000008a700000, 0x000000008a700000|100%| E|CS|TAMS 0x000000008a600000| PB 0x000000008a600000| Complete 
| 167|0x000000008a700000, 0x000000008a800000, 0x000000008a800000|100%| E|CS|TAMS 0x000000008a700000| PB 0x000000008a700000| Complete 
| 168|0x000000008a800000, 0x000000008a900000, 0x000000008a900000|100%| E|CS|TAMS 0x000000008a800000| PB 0x000000008a800000| Complete 
| 169|0x000000008a900000, 0x000000008aa00000, 0x000000008aa00000|100%| E|CS|TAMS 0x000000008a900000| PB 0x000000008a900000| Complete 
| 170|0x000000008aa00000, 0x000000008ab00000, 0x000000008ab00000|100%| E|CS|TAMS 0x000000008aa00000| PB 0x000000008aa00000| Complete 
| 171|0x000000008ab00000, 0x000000008ac00000, 0x000000008ac00000|100%| E|CS|TAMS 0x000000008ab00000| PB 0x000000008ab00000| Complete 
| 172|0x000000008ac00000, 0x000000008ad00000, 0x000000008ad00000|100%| E|CS|TAMS 0x000000008ac00000| PB 0x000000008ac00000| Complete 
| 173|0x000000008ad00000, 0x000000008ae00000, 0x000000008ae00000|100%| E|CS|TAMS 0x000000008ad00000| PB 0x000000008ad00000| Complete 
| 174|0x000000008ae00000, 0x000000008af00000, 0x000000008af00000|100%| E|CS|TAMS 0x000000008ae00000| PB 0x000000008ae00000| Complete 
| 175|0x000000008af00000, 0x000000008b000000, 0x000000008b000000|100%| E|CS|TAMS 0x000000008af00000| PB 0x000000008af00000| Complete 
| 251|0x000000008fb00000, 0x000000008fc00000, 0x000000008fc00000|100%| E|CS|TAMS 0x000000008fb00000| PB 0x000000008fb00000| Complete 
|2018|0x00000000fe200000, 0x00000000fe300000, 0x00000000fe300000|100%| O|  |TAMS 0x00000000fe200000| PB 0x00000000fe200000| Untracked 
|2019|0x00000000fe300000, 0x00000000fe400000, 0x00000000fe400000|100%| E|CS|TAMS 0x00000000fe300000| PB 0x00000000fe300000| Complete 
|2020|0x00000000fe400000, 0x00000000fe500000, 0x00000000fe500000|100%| O|  |TAMS 0x00000000fe400000| PB 0x00000000fe400000| Untracked 
|2021|0x00000000fe500000, 0x00000000fe600000, 0x00000000fe600000|100%| O|  |TAMS 0x00000000fe500000| PB 0x00000000fe500000| Untracked 
|2022|0x00000000fe600000, 0x00000000fe700000, 0x00000000fe700000|100%| O|  |TAMS 0x00000000fe600000| PB 0x00000000fe600000| Untracked 
|2023|0x00000000fe700000, 0x00000000fe800000, 0x00000000fe800000|100%| O|  |TAMS 0x00000000fe700000| PB 0x00000000fe700000| Untracked 
|2024|0x00000000fe800000, 0x00000000fe900000, 0x00000000fe900000|100%| O|  |TAMS 0x00000000fe800000| PB 0x00000000fe800000| Untracked 
|2025|0x00000000fe900000, 0x00000000fea00000, 0x00000000fea00000|100%| O|  |TAMS 0x00000000fe900000| PB 0x00000000fe900000| Untracked 
|2026|0x00000000fea00000, 0x00000000feb00000, 0x00000000feb00000|100%| O|  |TAMS 0x00000000fea00000| PB 0x00000000fea00000| Untracked 
|2027|0x00000000feb00000, 0x00000000fec00000, 0x00000000fec00000|100%| E|CS|TAMS 0x00000000feb00000| PB 0x00000000feb00000| Complete 
|2028|0x00000000fec00000, 0x00000000fed00000, 0x00000000fed00000|100%| E|CS|TAMS 0x00000000fec00000| PB 0x00000000fec00000| Complete 
|2029|0x00000000fed00000, 0x00000000fee00000, 0x00000000fee00000|100%| E|CS|TAMS 0x00000000fed00000| PB 0x00000000fed00000| Complete 
|2030|0x00000000fee00000, 0x00000000fef00000, 0x00000000fef00000|100%| O|  |TAMS 0x00000000fee00000| PB 0x00000000fee00000| Untracked 
|2031|0x00000000fef00000, 0x00000000ff000000, 0x00000000ff000000|100%| E|CS|TAMS 0x00000000fef00000| PB 0x00000000fef00000| Complete 
|2032|0x00000000ff000000, 0x00000000ff100000, 0x00000000ff100000|100%| E|CS|TAMS 0x00000000ff000000| PB 0x00000000ff000000| Complete 
|2033|0x00000000ff100000, 0x00000000ff200000, 0x00000000ff200000|100%| O|  |TAMS 0x00000000ff100000| PB 0x00000000ff100000| Untracked 
|2034|0x00000000ff200000, 0x00000000ff300000, 0x00000000ff300000|100%| O|  |TAMS 0x00000000ff200000| PB 0x00000000ff200000| Untracked 
|2035|0x00000000ff300000, 0x00000000ff400000, 0x00000000ff400000|100%| O|  |TAMS 0x00000000ff300000| PB 0x00000000ff300000| Untracked 
|2036|0x00000000ff400000, 0x00000000ff500000, 0x00000000ff500000|100%| O|  |TAMS 0x00000000ff400000| PB 0x00000000ff400000| Untracked 
|2037|0x00000000ff500000, 0x00000000ff600000, 0x00000000ff600000|100%| O|  |TAMS 0x00000000ff500000| PB 0x00000000ff500000| Untracked 
|2038|0x00000000ff600000, 0x00000000ff700000, 0x00000000ff700000|100%| O|  |TAMS 0x00000000ff600000| PB 0x00000000ff600000| Untracked 
|2039|0x00000000ff700000, 0x00000000ff800000, 0x00000000ff800000|100%| O|  |TAMS 0x00000000ff700000| PB 0x00000000ff700000| Untracked 
|2040|0x00000000ff800000, 0x00000000ff900000, 0x00000000ff900000|100%| O|  |TAMS 0x00000000ff800000| PB 0x00000000ff800000| Untracked 
|2041|0x00000000ff900000, 0x00000000ffa00000, 0x00000000ffa00000|100%| O|  |TAMS 0x00000000ff900000| PB 0x00000000ff900000| Untracked 
|2042|0x00000000ffa00000, 0x00000000ffb00000, 0x00000000ffb00000|100%| O|  |TAMS 0x00000000ffa00000| PB 0x00000000ffa00000| Untracked 
|2043|0x00000000ffb00000, 0x00000000ffc00000, 0x00000000ffc00000|100%| O|  |TAMS 0x00000000ffb00000| PB 0x00000000ffb00000| Untracked 
|2044|0x00000000ffc00000, 0x00000000ffd00000, 0x00000000ffd00000|100%| O|  |TAMS 0x00000000ffc00000| PB 0x00000000ffc00000| Untracked 
|2045|0x00000000ffd00000, 0x00000000ffe00000, 0x00000000ffe00000|100%| O|  |TAMS 0x00000000ffd00000| PB 0x00000000ffd00000| Untracked 
|2046|0x00000000ffe00000, 0x00000000fff00000, 0x00000000fff00000|100%| O|  |TAMS 0x00000000ffe00000| PB 0x00000000ffe00000| Untracked 
|2047|0x00000000fff00000, 0x0000000100000000, 0x0000000100000000|100%| O|  |TAMS 0x00000000fff00000| PB 0x00000000fff00000| Untracked 

Card table byte_map: [0x0000020139ea0000,0x000002013a2a0000] _byte_map_base: 0x0000020139aa0000

Marking Bits: (CMBitMap*) 0x00000201250de680
 Bits: [0x000002013a2a0000, 0x000002013c2a0000)

Polling page: 0x0000020125700000

Metaspace:

Usage:
  Non-class:    106.87 MB used.
      Class:     17.01 MB used.
       Both:    123.88 MB used.

Virtual space:
  Non-class space:      128.00 MB reserved,     108.19 MB ( 85%) committed,  2 nodes.
      Class space:      416.00 MB reserved,      18.19 MB (  4%) committed,  1 nodes.
             Both:      544.00 MB reserved,     126.38 MB ( 23%) committed. 

Chunk freelists:
   Non-Class:  3.86 MB
       Class:  13.70 MB
        Both:  17.56 MB

MaxMetaspaceSize: 512.00 MB
CompressedClassSpaceSize: 416.00 MB
Initial GC threshold: 21.00 MB
Current GC threshold: 199.50 MB
CDS: on
 - commit_granule_bytes: 65536.
 - commit_granule_words: 8192.
 - virtual_space_node_default_size: 8388608.
 - enlarge_chunks_in_place: 1.
 - use_allocation_guard: 0.


Internal statistics:

num_allocs_failed_limit: 9.
num_arena_births: 4406.
num_arena_deaths: 2.
num_vsnodes_births: 3.
num_vsnodes_deaths: 0.
num_space_committed: 2022.
num_space_uncommitted: 0.
num_chunks_returned_to_freelist: 17.
num_chunks_taken_from_freelist: 9932.
num_chunk_merges: 4.
num_chunk_splits: 6840.
num_chunks_enlarged: 4632.
num_inconsistent_stats: 0.

CodeHeap 'non-profiled nmethods': size=120000Kb used=6646Kb max_used=6646Kb free=113353Kb
 bounds [0x00000201318e0000, 0x0000020131f60000, 0x0000020138e10000]
CodeHeap 'profiled nmethods': size=120000Kb used=22372Kb max_used=22372Kb free=97628Kb
 bounds [0x0000020129e10000, 0x000002012b3f0000, 0x0000020131340000]
CodeHeap 'non-nmethods': size=5760Kb used=2099Kb max_used=2122Kb free=3660Kb
 bounds [0x0000020131340000, 0x00000201315b0000, 0x00000201318e0000]
CodeCache: size=245760Kb, used=31117Kb, max_used=31140Kb, free=214641Kb
 total_blobs=12789, nmethods=11839, adapters=853, full_count=0
Compilation: enabled, stopped_count=0, restarted_count=0

Compilation events (20 events):
Event: 105.268 Thread 0x000002013efb2f60 14159       3       sun.management.spi.PlatformMBeanProvider$PlatformComponent::getMBeans (87 bytes)
Event: 105.272 Thread 0x000002013efb2f60 nmethod 14159 0x000002012b3d0b90 code [0x000002012b3d0f20, 0x000002012b3d24d0]
Event: 105.272 Thread 0x000002013efb2f60 14158       3       org.jetbrains.kotlin.fir.java.deserialization.JvmBinaryAnnotationDeserializer::<init> (96 bytes)
Event: 105.282 Thread 0x000002013efb2f60 nmethod 14158 0x000002012b3d2b10 code [0x000002012b3d30a0, 0x000002012b3d5ca8]
Event: 105.283 Thread 0x000002013efb2f60 14160       3       org.jetbrains.kotlin.metadata.jvm.deserialization.JvmProtoBufUtil::readPackageDataFrom (54 bytes)
Event: 105.285 Thread 0x000002013efb2f60 nmethod 14160 0x000002012b3d6b10 code [0x000002012b3d6e40, 0x000002012b3d80f0]
Event: 105.286 Thread 0x000002013efb2f60 14161       3       org.jetbrains.kotlin.metadata.ProtoBuf$Package::parseFrom (14 bytes)
Event: 105.287 Thread 0x000002013efb2f60 nmethod 14161 0x000002012b3d8790 code [0x000002012b3d8960, 0x000002012b3d8e58]
Event: 105.287 Thread 0x000002013efb2f60 14162       3       org.jetbrains.kotlin.resolve.jvm.JvmClassName::byClassId (20 bytes)
Event: 105.287 Thread 0x000002013efb2f60 nmethod 14162 0x000002012b3d9010 code [0x000002012b3d9200, 0x000002012b3d9578]
Event: 105.291 Thread 0x000002013efb2f60 14163       3       org.jetbrains.kotlin.load.kotlin.JvmPackagePartSource::<init> (130 bytes)
Event: 105.300 Thread 0x000002013efb2f60 nmethod 14163 0x000002012b3d9710 code [0x000002012b3d9be0, 0x000002012b3dbd80]
Event: 105.300 Thread 0x000002013efb2f60 14164       3       org.jetbrains.kotlin.fir.deserialization.FirDeserializationContext$Companion::createForPackage (108 bytes)
Event: 105.303 Thread 0x000002013efb2f60 nmethod 14164 0x000002012b3dca90 code [0x000002012b3dcfc0, 0x000002012b3df2b0]
Event: 105.303 Thread 0x000002013efb2f60 14165       3       org.jetbrains.kotlin.fir.deserialization.PackagePartsCacheData::<init> (71 bytes)
Event: 105.305 Thread 0x000002013efb2f60 nmethod 14165 0x000002012b3e0090 code [0x000002012b3e0480, 0x000002012b3e1e60]
Event: 105.314 Thread 0x000002013efb2f60 14166       3       org.jetbrains.kotlin.it.unimi.dsi.fastutil.objects.ObjectOpenHashSet::<init> (9 bytes)
Event: 105.315 Thread 0x000002013efb2f60 nmethod 14166 0x000002012b3e2690 code [0x000002012b3e2860, 0x000002012b3e29a8]
Event: 105.315 Thread 0x000002013efb2f60 14167       3       org.jetbrains.kotlin.it.unimi.dsi.fastutil.objects.ObjectOpenHashSet::<init> (95 bytes)
Event: 105.316 Thread 0x000002013efb2f60 nmethod 14167 0x000002012b3e2a90 code [0x000002012b3e2ce0, 0x000002012b3e34f8]

GC Heap History (20 events):
Event: 80.932 GC heap before
{Heap before GC invocations=36 (full 0):
 garbage-first heap   total 150528K, used 126023K [0x0000000080000000, 0x0000000100000000)
  region size 1024K, 38 young (38912K), 2 survivors (2048K)
 Metaspace       used 86701K, committed 89216K, reserved 557056K
  class space    used 12478K, committed 13696K, reserved 425984K
}
Event: 80.938 GC heap after
{Heap after GC invocations=37 (full 0):
 garbage-first heap   total 150528K, used 92312K [0x0000000080000000, 0x0000000100000000)
  region size 1024K, 5 young (5120K), 5 survivors (5120K)
 Metaspace       used 86701K, committed 89216K, reserved 557056K
  class space    used 12478K, committed 13696K, reserved 425984K
}
Event: 85.071 GC heap before
{Heap before GC invocations=37 (full 0):
 garbage-first heap   total 150528K, used 135320K [0x0000000080000000, 0x0000000100000000)
  region size 1024K, 47 young (48128K), 5 survivors (5120K)
 Metaspace       used 90008K, committed 92480K, reserved 557056K
  class space    used 12836K, committed 14016K, reserved 425984K
}
Event: 85.083 GC heap after
{Heap after GC invocations=38 (full 0):
 garbage-first heap   total 150528K, used 90624K [0x0000000080000000, 0x0000000100000000)
  region size 1024K, 2 young (2048K), 2 survivors (2048K)
 Metaspace       used 90008K, committed 92480K, reserved 557056K
  class space    used 12836K, committed 14016K, reserved 425984K
}
Event: 87.938 GC heap before
{Heap before GC invocations=38 (full 0):
 garbage-first heap   total 150528K, used 136704K [0x0000000080000000, 0x0000000100000000)
  region size 1024K, 47 young (48128K), 2 survivors (2048K)
 Metaspace       used 97148K, committed 99584K, reserved 557056K
  class space    used 14186K, committed 15360K, reserved 425984K
}
Event: 87.945 GC heap after
{Heap after GC invocations=39 (full 0):
 garbage-first heap   total 150528K, used 92090K [0x0000000080000000, 0x0000000100000000)
  region size 1024K, 4 young (4096K), 4 survivors (4096K)
 Metaspace       used 97148K, committed 99584K, reserved 557056K
  class space    used 14186K, committed 15360K, reserved 425984K
}
Event: 90.042 GC heap before
{Heap before GC invocations=40 (full 0):
 garbage-first heap   total 155648K, used 138170K [0x0000000080000000, 0x0000000100000000)
  region size 1024K, 49 young (50176K), 4 survivors (4096K)
 Metaspace       used 101356K, committed 103872K, reserved 557056K
  class space    used 14725K, committed 15936K, reserved 425984K
}
Event: 90.050 GC heap after
{Heap after GC invocations=41 (full 0):
 garbage-first heap   total 155648K, used 99677K [0x0000000080000000, 0x0000000100000000)
  region size 1024K, 7 young (7168K), 7 survivors (7168K)
 Metaspace       used 101356K, committed 103872K, reserved 557056K
  class space    used 14725K, committed 15936K, reserved 425984K
}
Event: 90.623 GC heap before
{Heap before GC invocations=41 (full 0):
 garbage-first heap   total 155648K, used 139613K [0x0000000080000000, 0x0000000100000000)
  region size 1024K, 46 young (47104K), 7 survivors (7168K)
 Metaspace       used 101390K, committed 103936K, reserved 557056K
  class space    used 14729K, committed 15936K, reserved 425984K
}
Event: 90.646 GC heap after
{Heap after GC invocations=42 (full 0):
 garbage-first heap   total 164864K, used 114022K [0x0000000080000000, 0x0000000100000000)
  region size 1024K, 6 young (6144K), 6 survivors (6144K)
 Metaspace       used 101390K, committed 103936K, reserved 557056K
  class space    used 14729K, committed 15936K, reserved 425984K
}
Event: 92.915 GC heap before
{Heap before GC invocations=42 (full 0):
 garbage-first heap   total 164864K, used 143718K [0x0000000080000000, 0x0000000100000000)
  region size 1024K, 35 young (35840K), 6 survivors (6144K)
 Metaspace       used 104332K, committed 106880K, reserved 557056K
  class space    used 15021K, committed 16256K, reserved 425984K
}
Event: 92.922 GC heap after
{Heap after GC invocations=43 (full 0):
 garbage-first heap   total 164864K, used 118023K [0x0000000080000000, 0x0000000100000000)
  region size 1024K, 3 young (3072K), 3 survivors (3072K)
 Metaspace       used 104332K, committed 106880K, reserved 557056K
  class space    used 15021K, committed 16256K, reserved 425984K
}
Event: 94.971 GC heap before
{Heap before GC invocations=44 (full 0):
 garbage-first heap   total 198656K, used 145671K [0x0000000080000000, 0x0000000100000000)
  region size 1024K, 31 young (31744K), 3 survivors (3072K)
 Metaspace       used 107703K, committed 110208K, reserved 557056K
  class space    used 15387K, committed 16576K, reserved 425984K
}
Event: 94.978 GC heap after
{Heap after GC invocations=45 (full 0):
 garbage-first heap   total 198656K, used 119509K [0x0000000080000000, 0x0000000100000000)
  region size 1024K, 2 young (2048K), 2 survivors (2048K)
 Metaspace       used 107703K, committed 110208K, reserved 557056K
  class space    used 15387K, committed 16576K, reserved 425984K
}
Event: 97.729 GC heap before
{Heap before GC invocations=45 (full 0):
 garbage-first heap   total 198656K, used 172757K [0x0000000080000000, 0x0000000100000000)
  region size 1024K, 55 young (56320K), 2 survivors (2048K)
 Metaspace       used 113105K, committed 115584K, reserved 557056K
  class space    used 15901K, committed 17088K, reserved 425984K
}
Event: 97.743 GC heap after
{Heap after GC invocations=46 (full 0):
 garbage-first heap   total 198656K, used 122601K [0x0000000080000000, 0x0000000100000000)
  region size 1024K, 6 young (6144K), 6 survivors (6144K)
 Metaspace       used 113105K, committed 115584K, reserved 557056K
  class space    used 15901K, committed 17088K, reserved 425984K
}
Event: 101.299 GC heap before
{Heap before GC invocations=46 (full 0):
 garbage-first heap   total 198656K, used 174825K [0x0000000080000000, 0x0000000100000000)
  region size 1024K, 58 young (59392K), 6 survivors (6144K)
 Metaspace       used 120089K, committed 122560K, reserved 557056K
  class space    used 16631K, committed 17856K, reserved 425984K
}
Event: 101.309 GC heap after
{Heap after GC invocations=47 (full 0):
 garbage-first heap   total 198656K, used 125477K [0x0000000080000000, 0x0000000100000000)
  region size 1024K, 4 young (4096K), 4 survivors (4096K)
 Metaspace       used 120089K, committed 122560K, reserved 557056K
  class space    used 16631K, committed 17856K, reserved 425984K
}
Event: 103.741 GC heap before
{Heap before GC invocations=48 (full 0):
 garbage-first heap   total 211968K, used 178725K [0x0000000080000000, 0x0000000100000000)
  region size 1024K, 56 young (57344K), 4 survivors (4096K)
 Metaspace       used 124253K, committed 126784K, reserved 557056K
  class space    used 17076K, committed 18304K, reserved 425984K
}
Event: 103.751 GC heap after
{Heap after GC invocations=49 (full 0):
 garbage-first heap   total 211968K, used 131738K [0x0000000080000000, 0x0000000100000000)
  region size 1024K, 7 young (7168K), 7 survivors (7168K)
 Metaspace       used 124253K, committed 126784K, reserved 557056K
  class space    used 17076K, committed 18304K, reserved 425984K
}

Dll operation events (20 events):
Event: 0.142 Attempting to load shared library C:\Users\Ponglang\.vscode\extensions\redhat.java-1.56.0-win32-x64\jre\21.0.12.1-win32-x86_64\bin\nio.dll
Event: 0.143 Loaded shared library C:\Users\Ponglang\.vscode\extensions\redhat.java-1.56.0-win32-x64\jre\21.0.12.1-win32-x86_64\bin\nio.dll
Event: 0.146 Attempting to load shared library C:\Users\Ponglang\.vscode\extensions\redhat.java-1.56.0-win32-x64\jre\21.0.12.1-win32-x86_64\bin\zip.dll
Event: 0.146 Loaded shared library C:\Users\Ponglang\.vscode\extensions\redhat.java-1.56.0-win32-x64\jre\21.0.12.1-win32-x86_64\bin\zip.dll
Event: 0.744 Attempting to load shared library C:\Users\Ponglang\.vscode\extensions\redhat.java-1.56.0-win32-x64\jre\21.0.12.1-win32-x86_64\bin\jimage.dll
Event: 0.745 Loaded shared library C:\Users\Ponglang\.vscode\extensions\redhat.java-1.56.0-win32-x64\jre\21.0.12.1-win32-x86_64\bin\jimage.dll
Event: 1.380 Attempting to load shared library C:\Users\Ponglang\.vscode\extensions\redhat.java-1.56.0-win32-x64\jre\21.0.12.1-win32-x86_64\bin\verify.dll
Event: 1.382 Loaded shared library C:\Users\Ponglang\.vscode\extensions\redhat.java-1.56.0-win32-x64\jre\21.0.12.1-win32-x86_64\bin\verify.dll
Event: 1.525 Attempting to load shared library C:\Users\Ponglang\.gradle\native\660c5614fbf4a5f2a75b1949f50a0caf5cd603558e7d8a26e50b933a0cfb79d1\windows-amd64\native-platform.dll
Event: 1.527 Loaded shared library C:\Users\Ponglang\.gradle\native\660c5614fbf4a5f2a75b1949f50a0caf5cd603558e7d8a26e50b933a0cfb79d1\windows-amd64\native-platform.dll
Event: 1.548 Attempting to load shared library C:\Users\Ponglang\.gradle\native\0.2.8\x86_64-windows-gnu\gradle-fileevents.dll
Event: 1.549 Loaded shared library C:\Users\Ponglang\.gradle\native\0.2.8\x86_64-windows-gnu\gradle-fileevents.dll
Event: 6.136 Attempting to load shared library C:\Users\Ponglang\.vscode\extensions\redhat.java-1.56.0-win32-x64\jre\21.0.12.1-win32-x86_64\bin\management.dll
Event: 6.137 Loaded shared library C:\Users\Ponglang\.vscode\extensions\redhat.java-1.56.0-win32-x64\jre\21.0.12.1-win32-x86_64\bin\management.dll
Event: 6.146 Attempting to load shared library C:\Users\Ponglang\.vscode\extensions\redhat.java-1.56.0-win32-x64\jre\21.0.12.1-win32-x86_64\bin\management_ext.dll
Event: 6.148 Loaded shared library C:\Users\Ponglang\.vscode\extensions\redhat.java-1.56.0-win32-x64\jre\21.0.12.1-win32-x86_64\bin\management_ext.dll
Event: 6.500 Attempting to load shared library C:\Users\Ponglang\.vscode\extensions\redhat.java-1.56.0-win32-x64\jre\21.0.12.1-win32-x86_64\bin\extnet.dll
Event: 6.500 Loaded shared library C:\Users\Ponglang\.vscode\extensions\redhat.java-1.56.0-win32-x64\jre\21.0.12.1-win32-x86_64\bin\extnet.dll
Event: 6.889 Attempting to load shared library C:\Users\Ponglang\.vscode\extensions\redhat.java-1.56.0-win32-x64\jre\21.0.12.1-win32-x86_64\bin\sunmscapi.dll
Event: 6.893 Loaded shared library C:\Users\Ponglang\.vscode\extensions\redhat.java-1.56.0-win32-x64\jre\21.0.12.1-win32-x86_64\bin\sunmscapi.dll

Deoptimization events (20 events):
Event: 105.029 Thread 0x000002015a74d8d0 DEOPT PACKING pc=0x000002012b399b44 sp=0x000000e17d7ee250
Event: 105.029 Thread 0x000002015a74d8d0 DEOPT UNPACKING pc=0x0000020131394bc2 sp=0x000000e17d7ed6b8 mode 0
Event: 105.063 Thread 0x000002015a74d8d0 DEOPT PACKING pc=0x000002012b399b44 sp=0x000000e17d7ee300
Event: 105.063 Thread 0x000002015a74d8d0 DEOPT UNPACKING pc=0x0000020131394bc2 sp=0x000000e17d7ed768 mode 0
Event: 105.081 Thread 0x000002015a74d8d0 DEOPT PACKING pc=0x000002012b399b44 sp=0x000000e17d7ee300
Event: 105.081 Thread 0x000002015a74d8d0 DEOPT UNPACKING pc=0x0000020131394bc2 sp=0x000000e17d7ed768 mode 0
Event: 105.127 Thread 0x000002015a74d8d0 DEOPT PACKING pc=0x000002012b3aaa9d sp=0x000000e17d7ee840
Event: 105.127 Thread 0x000002015a74d8d0 DEOPT UNPACKING pc=0x0000020131394bc2 sp=0x000000e17d7edcd0 mode 0
Event: 105.144 Thread 0x000002015a74d8d0 DEOPT PACKING pc=0x000002012b399b44 sp=0x000000e17d7ee300
Event: 105.144 Thread 0x000002015a74d8d0 DEOPT UNPACKING pc=0x0000020131394bc2 sp=0x000000e17d7ed768 mode 0
Event: 105.149 Thread 0x000002015a74d8d0 DEOPT PACKING pc=0x000002012b399b44 sp=0x000000e17d7ee300
Event: 105.149 Thread 0x000002015a74d8d0 DEOPT UNPACKING pc=0x0000020131394bc2 sp=0x000000e17d7ed768 mode 0
Event: 105.189 Thread 0x000002015a74d8d0 DEOPT PACKING pc=0x000002012b399b44 sp=0x000000e17d7ee300
Event: 105.189 Thread 0x000002015a74d8d0 DEOPT UNPACKING pc=0x0000020131394bc2 sp=0x000000e17d7ed768 mode 0
Event: 105.198 Thread 0x000002015a74d8d0 DEOPT PACKING pc=0x000002012b3aaa9d sp=0x000000e17d7ee840
Event: 105.198 Thread 0x000002015a74d8d0 DEOPT UNPACKING pc=0x0000020131394bc2 sp=0x000000e17d7edcd0 mode 0
Event: 105.199 Thread 0x000002015a74d8d0 DEOPT PACKING pc=0x000002012b399b44 sp=0x000000e17d7ee300
Event: 105.199 Thread 0x000002015a74d8d0 DEOPT UNPACKING pc=0x0000020131394bc2 sp=0x000000e17d7ed768 mode 0
Event: 105.264 Thread 0x000002015a74d8d0 DEOPT PACKING pc=0x000002012b399b44 sp=0x000000e17d7ee300
Event: 105.264 Thread 0x000002015a74d8d0 DEOPT UNPACKING pc=0x0000020131394bc2 sp=0x000000e17d7ed768 mode 0

Classes loaded (20 events):
Event: 90.781 Loading class java/util/regex/Pattern$Bound
Event: 90.781 Loading class java/util/regex/Pattern$Bound done
Event: 90.782 Loading class java/util/regex/Pattern$LookBehindEndNode
Event: 90.782 Loading class java/util/regex/Pattern$LookBehindEndNode done
Event: 90.782 Loading class java/util/regex/Pattern$NotBehind
Event: 90.783 Loading class java/util/regex/Pattern$NotBehind done
Event: 91.013 Loading class java/io/NotSerializableException
Event: 91.013 Loading class java/io/NotSerializableException done
Event: 100.227 Loading class java/text/StringCharacterIterator
Event: 100.228 Loading class java/text/StringCharacterIterator done
Event: 100.996 Loading class java/util/PriorityQueue
Event: 100.997 Loading class java/util/PriorityQueue done
Event: 104.226 Loading class java/util/EnumMap$EntrySet
Event: 104.227 Loading class java/util/EnumMap$EntrySet done
Event: 104.227 Loading class java/util/EnumMap$EntryIterator
Event: 104.228 Loading class java/util/EnumMap$EnumMapIterator
Event: 104.228 Loading class java/util/EnumMap$EnumMapIterator done
Event: 104.228 Loading class java/util/EnumMap$EntryIterator done
Event: 104.228 Loading class java/util/EnumMap$EntryIterator$Entry
Event: 104.229 Loading class java/util/EnumMap$EntryIterator$Entry done

Classes unloaded (14 events):
Event: 29.514 Thread 0x000002013ef703e0 Unloading class 0x00000201406a9f80 '_BuildScript_$_run_closure1$_closure2$_closure3$_closure4$_closure11$_closure13'
Event: 29.514 Thread 0x000002013ef703e0 Unloading class 0x00000201406a9b90 '_BuildScript_$_run_closure1$_closure2$_closure3$_closure4$_closure11'
Event: 29.514 Thread 0x000002013ef703e0 Unloading class 0x00000201406a97a0 '_BuildScript_$_run_closure1$_closure2$_closure3$_closure4$_closure10'
Event: 29.514 Thread 0x000002013ef703e0 Unloading class 0x00000201406a93b0 '_BuildScript_$_run_closure1$_closure2$_closure3$_closure4$_closure9'
Event: 29.514 Thread 0x000002013ef703e0 Unloading class 0x00000201406a8fc0 '_BuildScript_$_run_closure1$_closure2$_closure3$_closure4$_closure8$_closure12'
Event: 29.514 Thread 0x000002013ef703e0 Unloading class 0x00000201406a8bd0 '_BuildScript_$_run_closure1$_closure2$_closure3$_closure4$_closure8'
Event: 29.514 Thread 0x000002013ef703e0 Unloading class 0x00000201406a87e0 '_BuildScript_$_run_closure1$_closure2$_closure3$_closure4$_closure7'
Event: 29.514 Thread 0x000002013ef703e0 Unloading class 0x00000201406a83f0 '_BuildScript_$_run_closure1$_closure2$_closure3$_closure4$_closure6'
Event: 29.514 Thread 0x000002013ef703e0 Unloading class 0x00000201406a8000 '_BuildScript_$_run_closure1$_closure2$_closure3$_closure4$_closure5'
Event: 29.514 Thread 0x000002013ef703e0 Unloading class 0x00000201406a13f0 '_BuildScript_$_run_closure1$_closure2$_closure3$_closure4'
Event: 29.514 Thread 0x000002013ef703e0 Unloading class 0x00000201406a1000 '_BuildScript_$_run_closure1$_closure2$_closure3'
Event: 29.514 Thread 0x000002013ef703e0 Unloading class 0x00000201406a08e8 '_BuildScript_$_run_closure1$_closure2'
Event: 29.514 Thread 0x000002013ef703e0 Unloading class 0x00000201406a04f8 '_BuildScript_$_run_closure1'
Event: 29.514 Thread 0x000002013ef703e0 Unloading class 0x00000201406a0000 '_BuildScript_'

Classes redefined (0 events):
No events

Internal exceptions (20 events):
Event: 85.232 Thread 0x000002015a74d8d0 Exception <a 'java/lang/NoSuchMethodError'{0x00000000fefe7d00}: 'int java.lang.invoke.DelegatingMethodHandle$Holder.reinvoke_L(java.lang.Object, java.lang.Object, java.lang.Object, long, int)'> (0x00000000fefe7d00) 
thrown [s\src\hotspot\share\interpreter\linkResolver.cpp, line 773]
Event: 85.240 Thread 0x000002015a74d8d0 Exception <a 'java/lang/NoSuchMethodError'{0x00000000feffb298}: 'void java.lang.invoke.DelegatingMethodHandle$Holder.reinvoke_L(java.lang.Object, java.lang.Object, java.lang.Object, long, java.lang.Object, long, long)'> (0x00000000feffb298) 
thrown [s\src\hotspot\share\interpreter\linkResolver.cpp, line 773]
Event: 85.241 Thread 0x000002015a74d8d0 Exception <a 'java/lang/NoSuchMethodError'{0x00000000feb03ab8}: 'long java.lang.invoke.Invokers$Holder.invokeExact_MT(java.lang.Object, java.lang.Object, java.lang.Object)'> (0x00000000feb03ab8) 
thrown [s\src\hotspot\share\interpreter\linkResolver.cpp, line 773]
Event: 85.539 Thread 0x000002015a74d8d0 Exception <a 'java/lang/NoSuchMethodError'{0x0000000087a9cdc8}: 'java.lang.Object java.lang.invoke.DirectMethodHandle$Holder.invokeStatic(java.lang.Object, java.lang.Object, int, java.lang.Object, int)'> (0x0000000087a9cdc8) 
thrown [s\src\hotspot\share\interpreter\linkResolver.cpp, line 773]
Event: 86.665 Thread 0x000002015a74d8d0 Implicit null exception at 0x0000020131c912c1 to 0x0000020131c9140c
Event: 88.470 Thread 0x000002015a74d8d0 Exception <a 'java/lang/NoSuchMethodError'{0x0000000087d32cd8}: 'java.lang.Object java.lang.invoke.DirectMethodHandle$Holder.invokeStatic(java.lang.Object, java.lang.Object, java.lang.Object, java.lang.Object, int, java.lang.Object)'> (0x0000000087d32cd8) 
thrown [s\src\hotspot\share\interpreter\linkResolver.cpp, line 773]
Event: 88.533 Thread 0x000002015a74d8d0 Exception <a 'java/lang/NoSuchMethodError'{0x0000000087c3f230}: 'long java.lang.invoke.DirectMethodHandle$Holder.invokeStatic(java.lang.Object, java.lang.Object, int)'> (0x0000000087c3f230) 
thrown [s\src\hotspot\share\interpreter\linkResolver.cpp, line 773]
Event: 88.535 Thread 0x000002015a74d8d0 Exception <a 'java/lang/NoSuchMethodError'{0x0000000087c4bba8}: 'java.lang.Object java.lang.invoke.DelegatingMethodHandle$Holder.reinvoke_L(java.lang.Object, int, long, java.lang.Object, java.lang.Object, int, java.lang.Object)'> (0x0000000087c4bba8) 
thrown [s\src\hotspot\share\interpreter\linkResolver.cpp, line 773]
Event: 89.401 Thread 0x000002015a74d8d0 Exception <a 'java/lang/NoSuchMethodError'{0x0000000086ab1e40}: 'int java.lang.invoke.DirectMethodHandle$Holder.invokeSpecial(java.lang.Object, java.lang.Object, int, int)'> (0x0000000086ab1e40) 
thrown [s\src\hotspot\share\interpreter\linkResolver.cpp, line 773]
Event: 89.497 Thread 0x000002015a74d8d0 Exception <a 'java/lang/NoSuchMethodError'{0x000000008697b438}: 'java.lang.Object java.lang.invoke.Invokers$Holder.invokeExact_MT(java.lang.Object, java.lang.Object, long, java.lang.Object)'> (0x000000008697b438) 
thrown [s\src\hotspot\share\interpreter\linkResolver.cpp, line 773]
Event: 89.799 Thread 0x000002015a74d8d0 Exception <a 'java/lang/NoSuchMethodError'{0x000000008639f3d8}: 'java.lang.Object java.lang.invoke.DirectMethodHandle$Holder.invokeStatic(java.lang.Object, java.lang.Object, long, long)'> (0x000000008639f3d8) 
thrown [s\src\hotspot\share\interpreter\linkResolver.cpp, line 773]
Event: 89.828 Thread 0x000002015a74d8d0 Exception <a 'java/lang/NoSuchMethodError'{0x00000000863eed50}: 'java.lang.Object java.lang.invoke.DirectMethodHandle$Holder.invokeStatic(java.lang.Object, java.lang.Object, java.lang.Object, long, java.lang.Object)'> (0x00000000863eed50) 
thrown [s\src\hotspot\share\interpreter\linkResolver.cpp, line 773]
Event: 89.829 Thread 0x000002015a74d8d0 Exception <a 'java/lang/NoSuchMethodError'{0x00000000863f7988}: 'java.lang.Object java.lang.invoke.DirectMethodHandle$Holder.newInvokeSpecial(java.lang.Object, java.lang.Object, java.lang.Object, long)'> (0x00000000863f7988) 
thrown [s\src\hotspot\share\interpreter\linkResolver.cpp, line 773]
Event: 89.829 Thread 0x000002015a74d8d0 Exception <a 'java/lang/NoSuchMethodError'{0x00000000863fd1a0}: 'java.lang.Object java.lang.invoke.Invokers$Holder.linkToTargetMethod(java.lang.Object, java.lang.Object, long, java.lang.Object)'> (0x00000000863fd1a0) 
thrown [s\src\hotspot\share\interpreter\linkResolver.cpp, line 773]
Event: 90.282 Thread 0x000002015a74d8d0 Implicit null exception at 0x0000020131b74b67 to 0x0000020131b74f70
Event: 90.367 Thread 0x000002015a74d8d0 Implicit null exception at 0x0000020131ebcf72 to 0x0000020131ebdcdc
Event: 101.991 Thread 0x000002015a74d8d0 Exception <a 'java/lang/NoSuchMethodError'{0x000000008a7e9de8}: 'java.lang.Object java.lang.invoke.DirectMethodHandle$Holder.invokeStatic(java.lang.Object, java.lang.Object, java.lang.Object, java.lang.Object, int, java.lang.Object, java.lang.Object)'> (0x000000008a7e9de8) 
thrown [s\src\hotspot\share\interpreter\linkResolver.cpp, line 773]
Event: 101.993 Thread 0x000002015a74d8d0 Exception <a 'java/lang/NoSuchMethodError'{0x000000008a7f4890}: 'java.lang.Object java.lang.invoke.DirectMethodHandle$Holder.newInvokeSpecial(java.lang.Object, java.lang.Object, java.lang.Object, java.lang.Object, int, java.lang.Object, java.lang.Object)'> (0x000000008a7f4890) 
thrown [s\src\hotspot\share\interpreter\linkResolver.cpp, line 773]
Event: 101.998 Thread 0x000002015a74d8d0 Exception <a 'java/lang/NoSuchMethodError'{0x000000008a7faa30}: 'java.lang.Object java.lang.invoke.DirectMethodHandle$Holder.invokeSpecial(java.lang.Object, java.lang.Object, java.lang.Object, java.lang.Object, java.lang.Object, int, java.lang.Object, java.lang.Object)'> (0x000000008a7faa30) 
thrown [s\src\hotspot\share\interpreter\linkResolver.cpp, line 773]
Event: 104.179 Thread 0x000002015a74d8d0 Exception <a 'java/lang/NoSuchMethodError'{0x00000000fe3ee8b8}: 'int java.lang.invoke.DirectMethodHandle$Holder.invokeStatic(java.lang.Object, java.lang.Object, java.lang.Object, java.lang.Object, java.lang.Object, java.lang.Object)'> (0x00000000fe3ee8b8) 
thrown [s\src\hotspot\share\interpreter\linkResolver.cpp, line 773]

ZGC Phase Switch (0 events):
No events

VM Operations (20 events):
Event: 101.299 Executing safepoint VM operation: G1CollectForAllocation (G1 Evacuation Pause)
Event: 101.309 Executing safepoint VM operation: G1CollectForAllocation (G1 Evacuation Pause) done
Event: 101.432 Executing safepoint VM operation: G1PauseRemark
Event: 101.455 Executing safepoint VM operation: G1PauseRemark done
Event: 101.511 Executing safepoint VM operation: G1PauseCleanup
Event: 101.512 Executing safepoint VM operation: G1PauseCleanup done
Event: 102.522 Executing safepoint VM operation: Cleanup
Event: 102.523 Executing safepoint VM operation: Cleanup done
Event: 103.279 Executing non-safepoint VM operation: HandshakeAllThreads (Deoptimize)
Event: 103.280 Executing non-safepoint VM operation: HandshakeAllThreads (Deoptimize) done
Event: 103.741 Executing safepoint VM operation: G1CollectForAllocation (G1 Evacuation Pause)
Event: 103.751 Executing safepoint VM operation: G1CollectForAllocation (G1 Evacuation Pause) done
Event: 103.813 Executing non-safepoint VM operation: HandshakeAllThreads (Deoptimize)
Event: 103.813 Executing non-safepoint VM operation: HandshakeAllThreads (Deoptimize) done
Event: 103.859 Executing non-safepoint VM operation: HandshakeAllThreads (Deoptimize)
Event: 103.859 Executing non-safepoint VM operation: HandshakeAllThreads (Deoptimize) done
Event: 104.211 Executing non-safepoint VM operation: HandshakeAllThreads (Deoptimize)
Event: 104.211 Executing non-safepoint VM operation: HandshakeAllThreads (Deoptimize) done
Event: 104.410 Executing non-safepoint VM operation: HandshakeAllThreads (Deoptimize)
Event: 104.410 Executing non-safepoint VM operation: HandshakeAllThreads (Deoptimize) done

Memory protections (0 events):
No events

Nmethod flushes (20 events):
Event: 101.452 Thread 0x000002013ef703e0 flushing  nmethod 0x000002012a765890
Event: 101.452 Thread 0x000002013ef703e0 flushing  nmethod 0x0000020129eb5810
Event: 101.452 Thread 0x000002013ef703e0 flushing  nmethod 0x000002012a501b90
Event: 101.452 Thread 0x000002013ef703e0 flushing  nmethod 0x000002012a9dca10
Event: 101.452 Thread 0x000002013ef703e0 flushing  nmethod 0x000002012aa6a090
Event: 101.452 Thread 0x000002013ef703e0 flushing  nmethod 0x000002012aa6a590
Event: 101.452 Thread 0x000002013ef703e0 flushing  nmethod 0x000002012b169690
Event: 101.452 Thread 0x000002013ef703e0 flushing  nmethod 0x000002012b170310
Event: 101.452 Thread 0x000002013ef703e0 flushing osr nmethod 0x000002012b17ed10
Event: 101.452 Thread 0x000002013ef703e0 flushing  nmethod 0x000002012a252190
Event: 101.452 Thread 0x000002013ef703e0 flushing  nmethod 0x000002012a481810
Event: 101.452 Thread 0x000002013ef703e0 flushing  nmethod 0x000002012a5c1710
Event: 101.452 Thread 0x000002013ef703e0 flushing  nmethod 0x000002012a5c2010
Event: 101.452 Thread 0x000002013ef703e0 flushing  nmethod 0x000002012a64b390
Event: 101.452 Thread 0x000002013ef703e0 flushing  nmethod 0x000002012a64be10
Event: 101.452 Thread 0x000002013ef703e0 flushing  nmethod 0x0000020129f79390
Event: 101.452 Thread 0x000002013ef703e0 flushing  nmethod 0x0000020129fdcf90
Event: 101.452 Thread 0x000002013ef703e0 flushing  nmethod 0x000002012a09ea10
Event: 101.452 Thread 0x000002013ef703e0 flushing  nmethod 0x000002012a391a10
Event: 101.452 Thread 0x000002013ef703e0 flushing  nmethod 0x000002012b1df410

Events (20 events):
Event: 81.009 Thread 0x000002015a74d8d0 Thread added: 0x00000201616a2190
Event: 81.011 Thread 0x000002015a74d8d0 Thread added: 0x00000201616a2820
Event: 81.012 Thread 0x000002015a74d8d0 Thread added: 0x000002015ff05ee0
Event: 85.151 Thread 0x00000201604f4080 Thread exited: 0x00000201604f4080
Event: 85.151 Thread 0x00000201604f5430 Thread exited: 0x00000201604f5430
Event: 85.155 Thread 0x0000020160adffc0 Thread exited: 0x0000020160adffc0
Event: 89.668 Thread 0x000002013efb2310 Thread added: 0x0000020160cf9ed0
Event: 89.839 Thread 0x0000020160cf9ed0 Thread exited: 0x0000020160cf9ed0
Event: 89.901 Thread 0x000002013efb2310 Thread added: 0x0000020162984cb0
Event: 89.901 Thread 0x000002013efb2310 Thread added: 0x0000020161899180
Event: 90.599 Thread 0x0000020161899180 Thread exited: 0x0000020161899180
Event: 90.992 Thread 0x0000020162984cb0 Thread exited: 0x0000020162984cb0
Event: 101.165 Thread 0x000002013efb2f60 Thread added: 0x000002016369ebd0
Event: 101.455 Thread 0x000002016369ebd0 Thread exited: 0x000002016369ebd0
Event: 101.505 Thread 0x000002013efb2f60 Thread added: 0x000002016369ebd0
Event: 101.997 Thread 0x000002016369ebd0 Thread exited: 0x000002016369ebd0
Event: 102.971 Thread 0x000002013efb2f60 Thread added: 0x00000201642ff0c0
Event: 103.259 Thread 0x00000201642ff0c0 Thread exited: 0x00000201642ff0c0
Event: 104.989 Thread 0x000002013efb2f60 Thread added: 0x00000201642ff0c0
Event: 104.990 Thread 0x000002013efb2f60 Thread added: 0x00000201642ff790


Dynamic libraries:
0x00007ff733680000 - 0x00007ff73368e000 	C:\Users\Ponglang\.vscode\extensions\redhat.java-1.56.0-win32-x64\jre\21.0.12.1-win32-x86_64\bin\java.exe
0x00007ff9fc5a0000 - 0x00007ff9fc807000 	C:\WINDOWS\SYSTEM32\ntdll.dll
0x00007ff9fa560000 - 0x00007ff9fa62b000 	C:\WINDOWS\System32\KERNEL32.DLL
0x00007ff9f9be0000 - 0x00007ff9f9fe2000 	C:\WINDOWS\System32\KERNELBASE.dll
0x00007ff9f9ff0000 - 0x00007ff9fa13c000 	C:\WINDOWS\System32\ucrtbase.dll
0x00007ff9e3550000 - 0x00007ff9e3568000 	C:\Users\Ponglang\.vscode\extensions\redhat.java-1.56.0-win32-x64\jre\21.0.12.1-win32-x86_64\bin\jli.dll
0x00007ff9fa630000 - 0x00007ff9fa7ff000 	C:\WINDOWS\System32\USER32.dll
0x00007ff9ef500000 - 0x00007ff9ef51e000 	C:\Users\Ponglang\.vscode\extensions\redhat.java-1.56.0-win32-x64\jre\21.0.12.1-win32-x86_64\bin\VCRUNTIME140.dll
0x00007ff9f98f0000 - 0x00007ff9f9917000 	C:\WINDOWS\System32\win32u.dll
0x00007ff9fb550000 - 0x00007ff9fb57b000 	C:\WINDOWS\System32\GDI32.dll
0x00007ff9d7380000 - 0x00007ff9d7610000 	C:\WINDOWS\WinSxS\amd64_microsoft.windows.common-controls_6595b64144ccf1df_6.0.26100.9278_none_3e0d1ba8e3303201\COMCTL32.dll
0x00007ff9f9920000 - 0x00007ff9f9a49000 	C:\WINDOWS\System32\gdi32full.dll
0x00007ff9fa150000 - 0x00007ff9fa1f3000 	C:\WINDOWS\System32\msvcp_win.dll
0x00007ff9fc4b0000 - 0x00007ff9fc559000 	C:\WINDOWS\System32\msvcrt.dll
0x00007ff9fa810000 - 0x00007ff9fa841000 	C:\WINDOWS\System32\IMM32.DLL
0x00007ff9ef4f0000 - 0x00007ff9ef4fc000 	C:\Users\Ponglang\.vscode\extensions\redhat.java-1.56.0-win32-x64\jre\21.0.12.1-win32-x86_64\bin\vcruntime140_1.dll
0x00007ff9ddec0000 - 0x00007ff9ddf4d000 	C:\Users\Ponglang\.vscode\extensions\redhat.java-1.56.0-win32-x64\jre\21.0.12.1-win32-x86_64\bin\msvcp140.dll
0x00007ff902000000 - 0x00007ff902da2000 	C:\Users\Ponglang\.vscode\extensions\redhat.java-1.56.0-win32-x64\jre\21.0.12.1-win32-x86_64\bin\server\jvm.dll
0x00007ff9fa9a0000 - 0x00007ff9faa5c000 	C:\WINDOWS\System32\ADVAPI32.dll
0x00007ff9fa420000 - 0x00007ff9fa4c9000 	C:\WINDOWS\System32\sechost.dll
0x00007ff9faf50000 - 0x00007ff9fb068000 	C:\WINDOWS\System32\RPCRT4.dll
0x00007ff9fa8c0000 - 0x00007ff9fa940000 	C:\WINDOWS\System32\WS2_32.dll
0x00007ff9f95f0000 - 0x00007ff9f964e000 	C:\WINDOWS\SYSTEM32\POWRPROF.dll
0x00007ff9f35d0000 - 0x00007ff9f3606000 	C:\WINDOWS\SYSTEM32\WINMM.dll
0x00007ff9d83c0000 - 0x00007ff9d83cb000 	C:\WINDOWS\SYSTEM32\VERSION.dll
0x00007ff9f95d0000 - 0x00007ff9f95e5000 	C:\WINDOWS\SYSTEM32\UMPDC.dll
0x00007ff9f8430000 - 0x00007ff9f844b000 	C:\WINDOWS\SYSTEM32\kernel.appcore.dll
0x00007ff9e3540000 - 0x00007ff9e354a000 	C:\Users\Ponglang\.vscode\extensions\redhat.java-1.56.0-win32-x64\jre\21.0.12.1-win32-x86_64\bin\jimage.dll
0x00007ff9f6ba0000 - 0x00007ff9f6dec000 	C:\WINDOWS\SYSTEM32\DBGHELP.DLL
0x00007ff9fb1c0000 - 0x00007ff9fb545000 	C:\WINDOWS\System32\combase.dll
0x00007ff9faaf0000 - 0x00007ff9fabc9000 	C:\WINDOWS\System32\OLEAUT32.dll
0x00007ff9e35f0000 - 0x00007ff9e362b000 	C:\WINDOWS\SYSTEM32\dbgcore.DLL
0x00007ff9fa200000 - 0x00007ff9fa2ac000 	C:\WINDOWS\System32\bcryptPrimitives.dll
0x00007ff9e08b0000 - 0x00007ff9e08bf000 	C:\Users\Ponglang\.vscode\extensions\redhat.java-1.56.0-win32-x64\jre\21.0.12.1-win32-x86_64\bin\instrument.dll
0x00007ff9de260000 - 0x00007ff9de280000 	C:\Users\Ponglang\.vscode\extensions\redhat.java-1.56.0-win32-x64\jre\21.0.12.1-win32-x86_64\bin\java.dll
0x00007ff9fbd10000 - 0x00007ff9fc4a8000 	C:\WINDOWS\System32\SHELL32.dll
0x00007ff9f71c0000 - 0x00007ff9f7a6e000 	C:\WINDOWS\SYSTEM32\windows.storage.dll
0x00007ff9fa320000 - 0x00007ff9fa41b000 	C:\WINDOWS\System32\SHCORE.dll
0x00007ff9fa850000 - 0x00007ff9fa8b6000 	C:\WINDOWS\System32\shlwapi.dll
0x00007ff9f96c0000 - 0x00007ff9f96e9000 	C:\WINDOWS\SYSTEM32\profapi.dll
0x00007ff9de240000 - 0x00007ff9de258000 	C:\Users\Ponglang\.vscode\extensions\redhat.java-1.56.0-win32-x64\jre\21.0.12.1-win32-x86_64\bin\zip.dll
0x00007ff9e3530000 - 0x00007ff9e3540000 	C:\Users\Ponglang\.vscode\extensions\redhat.java-1.56.0-win32-x64\jre\21.0.12.1-win32-x86_64\bin\net.dll
0x00007ff9f2200000 - 0x00007ff9f232a000 	C:\WINDOWS\SYSTEM32\WINHTTP.dll
0x00007ff9f89d0000 - 0x00007ff9f8a3c000 	C:\WINDOWS\system32\mswsock.dll
0x00007ff9dde30000 - 0x00007ff9dde46000 	C:\Users\Ponglang\.vscode\extensions\redhat.java-1.56.0-win32-x64\jre\21.0.12.1-win32-x86_64\bin\nio.dll
0x00007ff9de230000 - 0x00007ff9de240000 	C:\Users\Ponglang\.vscode\extensions\redhat.java-1.56.0-win32-x64\jre\21.0.12.1-win32-x86_64\bin\verify.dll
0x00007ff96aed0000 - 0x00007ff96aef7000 	C:\Users\Ponglang\.gradle\native\660c5614fbf4a5f2a75b1949f50a0caf5cd603558e7d8a26e50b933a0cfb79d1\windows-amd64\native-platform.dll
0x00007ff96f340000 - 0x00007ff96f3b7000 	C:\Users\Ponglang\.gradle\native\0.2.8\x86_64-windows-gnu\gradle-fileevents.dll
0x00007ff9ddfb0000 - 0x00007ff9ddfba000 	C:\Users\Ponglang\.vscode\extensions\redhat.java-1.56.0-win32-x64\jre\21.0.12.1-win32-x86_64\bin\management.dll
0x00007ff9ddfa0000 - 0x00007ff9ddfac000 	C:\Users\Ponglang\.vscode\extensions\redhat.java-1.56.0-win32-x64\jre\21.0.12.1-win32-x86_64\bin\management_ext.dll
0x00007ff9fa2e0000 - 0x00007ff9fa2e8000 	C:\WINDOWS\System32\PSAPI.DLL
0x00007ff9f7de0000 - 0x00007ff9f7e13000 	C:\WINDOWS\SYSTEM32\IPHLPAPI.DLL
0x00007ff9fb150000 - 0x00007ff9fb15a000 	C:\WINDOWS\System32\NSI.dll
0x00007ff9dde20000 - 0x00007ff9dde29000 	C:\Users\Ponglang\.vscode\extensions\redhat.java-1.56.0-win32-x64\jre\21.0.12.1-win32-x86_64\bin\extnet.dll
0x00007ff9f8df0000 - 0x00007ff9f8e0b000 	C:\WINDOWS\SYSTEM32\CRYPTSP.dll
0x00007ff9f8390000 - 0x00007ff9f83c9000 	C:\WINDOWS\system32\rsaenh.dll
0x00007ff9f8a80000 - 0x00007ff9f8ab4000 	C:\WINDOWS\SYSTEM32\USERENV.dll
0x00007ff9f9690000 - 0x00007ff9f96ba000 	C:\WINDOWS\SYSTEM32\bcrypt.dll
0x00007ff9f8c30000 - 0x00007ff9f8c3c000 	C:\WINDOWS\SYSTEM32\CRYPTBASE.dll
0x00007ff9dddc0000 - 0x00007ff9dddce000 	C:\Users\Ponglang\.vscode\extensions\redhat.java-1.56.0-win32-x64\jre\21.0.12.1-win32-x86_64\bin\sunmscapi.dll
0x00007ff9f9a50000 - 0x00007ff9f9bce000 	C:\WINDOWS\System32\CRYPT32.dll
0x00007ff9f8f60000 - 0x00007ff9f8f90000 	C:\WINDOWS\SYSTEM32\ncrypt.dll
0x00007ff9f8f10000 - 0x00007ff9f8f4f000 	C:\WINDOWS\SYSTEM32\NTASN1.dll
0x00007ff9d82d0000 - 0x00007ff9d82d8000 	C:\WINDOWS\system32\wshunix.dll

JVMTI agents:
C:\Users\Ponglang\.gradle\wrapper\dists\gradle-9.3.1-bin\23ovyewtku6u96viwx3xl3oks\gradle-9.3.1\lib\agents\gradle-instrumentation-agent-9.3.1.jar path:C:\Users\Ponglang\.vscode\extensions\redhat.java-1.56.0-win32-x64\jre\21.0.12.1-win32-x86_64\bin\instrument.dll, loaded, initialized, instrumentlib options:none

dbghelp: loaded successfully - version: 4.0.5 - missing functions: none
symbol engine: initialized successfully - sym options: 0x614 - pdb path: .;C:\Users\Ponglang\.vscode\extensions\redhat.java-1.56.0-win32-x64\jre\21.0.12.1-win32-x86_64\bin;C:\WINDOWS\SYSTEM32;C:\WINDOWS\WinSxS\amd64_microsoft.windows.common-controls_6595b64144ccf1df_6.0.26100.9278_none_3e0d1ba8e3303201;C:\Users\Ponglang\.vscode\extensions\redhat.java-1.56.0-win32-x64\jre\21.0.12.1-win32-x86_64\bin\server;C:\Users\Ponglang\.gradle\native\660c5614fbf4a5f2a75b1949f50a0caf5cd603558e7d8a26e50b933a0cfb79d1\windows-amd64;C:\Users\Ponglang\.gradle\native\0.2.8\x86_64-windows-gnu

VM Arguments:
jvm_args: --add-opens=java.base/java.lang=ALL-UNNAMED --add-opens=java.base/java.lang.invoke=ALL-UNNAMED --add-opens=java.base/java.util=ALL-UNNAMED --add-opens=java.prefs/java.util.prefs=ALL-UNNAMED --add-exports=jdk.compiler/com.sun.tools.javac.api=ALL-UNNAMED --add-exports=jdk.compiler/com.sun.tools.javac.util=ALL-UNNAMED --add-opens=java.base/java.util=ALL-UNNAMED --add-opens=java.prefs/java.util.prefs=ALL-UNNAMED --add-opens=java.base/java.nio.charset=ALL-UNNAMED --add-opens=java.base/java.net=ALL-UNNAMED --add-opens=java.base/java.util.concurrent=ALL-UNNAMED --add-opens=java.base/java.util.concurrent.atomic=ALL-UNNAMED --add-opens=java.xml/javax.xml.namespace=ALL-UNNAMED --add-opens=java.base/java.time=ALL-UNNAMED -XX:MaxMetaspaceSize=512m -Xmx2048m -Dfile.encoding=UTF-8 -Duser.country=US -Duser.language=en -Duser.variant -javaagent:C:\Users\Ponglang\.gradle\wrapper\dists\gradle-9.3.1-bin\23ovyewtku6u96viwx3xl3oks\gradle-9.3.1\lib\agents\gradle-instrumentation-agent-9.3.1.jar 
java_command: org.gradle.launcher.daemon.bootstrap.GradleDaemon 9.3.1
java_class_path (initial): C:\Users\Ponglang\.gradle\wrapper\dists\gradle-9.3.1-bin\23ovyewtku6u96viwx3xl3oks\gradle-9.3.1\lib\gradle-daemon-main-9.3.1.jar
Launcher Type: SUN_STANDARD

[Global flags]
     intx CICompilerCount                          = 4                                         {product} {ergonomic}
   size_t CompressedClassSpaceSize                 = 436207616                                 {product} {ergonomic}
     uint ConcGCThreads                            = 3                                         {product} {ergonomic}
     uint G1ConcRefinementThreads                  = 10                                        {product} {ergonomic}
   size_t G1HeapRegionSize                         = 1048576                                   {product} {ergonomic}
    uintx GCDrainStackTargetSize                   = 64                                        {product} {ergonomic}
   size_t InitialHeapSize                          = 264241152                                 {product} {ergonomic}
   size_t MarkStackSize                            = 4194304                                   {product} {ergonomic}
   size_t MaxHeapSize                              = 2147483648                                {product} {command line}
   size_t MaxMetaspaceSize                         = 536870912                                 {product} {command line}
   size_t MaxNewSize                               = 1287651328                                {product} {ergonomic}
   size_t MinHeapDeltaBytes                        = 1048576                                   {product} {ergonomic}
   size_t MinHeapSize                              = 8388608                                   {product} {ergonomic}
    uintx NonNMethodCodeHeapSize                   = 5839372                                {pd product} {ergonomic}
    uintx NonProfiledCodeHeapSize                  = 122909434                              {pd product} {ergonomic}
    uintx ProfiledCodeHeapSize                     = 122909434                              {pd product} {ergonomic}
    uintx ReservedCodeCacheSize                    = 251658240                              {pd product} {ergonomic}
     bool SegmentedCodeCache                       = true                                      {product} {ergonomic}
   size_t SoftMaxHeapSize                          = 2147483648                             {manageable} {ergonomic}
     bool UseCompressedOops                        = true                           {product lp64_product} {ergonomic}
     bool UseG1GC                                  = true                                      {product} {ergonomic}
     bool UseLargePagesIndividualAllocation        = false                                  {pd product} {ergonomic}

Logging:
Log output configuration:
 #0: stdout all=warning uptime,level,tags foldmultilines=false
 #1: stderr all=off uptime,level,tags foldmultilines=false

Release file:
JAVA_VERSION="21.0.12.1" 
MODULES="java.base java.compiler java.datatransfer java.xml java.prefs java.desktop java.instrument java.logging java.management java.security.sasl java.naming java.rmi java.management.rmi java.net.http java.scripting java.security.jgss java.transaction.xa java.sql java.sql.rowset java.xml.crypto java.se java.smartcardio jdk.accessibility jdk.internal.jvmstat jdk.attach jdk.charsets jdk.internal.opt jdk.zipfs jdk.compiler jdk.crypto.ec jdk.crypto.cryptoki jdk.crypto.mscapi jdk.dynalink jdk.internal.ed jdk.editpad jdk.hotspot.agent jdk.httpserver jdk.internal.le jdk.internal.vm.ci jdk.internal.vm.compiler jdk.internal.vm.compiler.management jdk.jartool jdk.javadoc jdk.jcmd jdk.management jdk.management.agent jdk.jconsole jdk.jdeps jdk.jdwp.agent jdk.jdi jdk.jfr jdk.jshell jdk.jsobject jdk.jstatd jdk.localedata jdk.management.jfr jdk.naming.dns jdk.naming.rmi jdk.net jdk.nio.mapmode jdk.random jdk.sctp jdk.security.auth jdk.security.jgss jdk.unsupported jdk.unsupported.desktop jdk.xml.dom" 

Environment Variables:
JAVA_HOME=C:\Program Files\Java\jdk-17
PATH=C:\Program Files\Common Files\Oracle\Java\javapath;C:\Program Files (x86)\Common Files\Oracle\Java\java8path;C:\Program Files (x86)\Common Files\Oracle\Java\javapath;C:\WINDOWS\system32;C:\WINDOWS;C:\WINDOWS\System32\Wbem;C:\WINDOWS\System32\WindowsPowerShell\v1.0\;C:\WINDOWS\System32\OpenSSH\;C:\Program Files\Git\cmd;C:\Program Files\Java\jdk-21\;C:\Users\Ponglang\AppData\Local\Pub\Cache\bin;C:\Program Files\dotnet\;C:\Users\Ponglang\AppData\Local\Android\Sdk\cmdline-tools\latest\bin;C:\ProgramData\chocolatey\bin;C:\Program Files\nodejs\;C:\Program Files\Java\jdk-17\bin;C:\Program Files\Java\jdk-21\\bin;C:\Program Files\Java\jdk-21\\lib;C:\Program Files\Java\jdk-21\\include;C:\Users\Ponglang\scoop\apps\git\current\cmd;C:\Users\Ponglang\scoop\shims;C:\Program Files\Java\jdk-17\bin;C:\Users\Ponglang\AppData\Local\jdk-11.0.2\bin;C:\Users\Ponglang\AppData\Local\jdk-11.0.2\bin;C:\Users\Ponglang\AppData\Local\Android\Sdk\platform-tools;C:\Users\Ponglang\AppData\Local\Android\Sdk\tools;C:\Users\Ponglang\AppData\Local\Android\Sdk\platform-tools;C:\Users\Ponglang\AppData\Local\Android\Sdk\tools;C:\Users\Ponglang\AppData\Local\Microsoft\WindowsApps;C:\Users\Ponglang\AppData\Local\Programs\Microsoft VS Code\bin;C:\development\platform-tools-latest-windows\platform-tools;C:\Users\Ponglang\.bun\bin;C:\Users\Ponglang\AppData\Local\Pub\Cache\bin;C:\Users\Ponglang\.dotnet\tools;C:\Program Files\dotnet;C:\Users\Ponglang\AppData\Local\Android\Sdk\cmdline-tools\latest\bin;C:\Users\Ponglang\AppData\Roaming\npm;C:\Users\Ponglang\AppData\Local\Android\Sdk\build-tools\30.0.3;C:\Program Files\Java\jdk-21\;C:\Program Files\Git\cmd;C:\tools\dart-sdk\bin;C:\Users\Ponglang\AppData\Local\Programs\Antigravity\bin;D:\development\flutter_windows_3.44.4-stable\flutter\bin;C:\Users\Ponglang\AppData\Local\Microsoft\WinGet\Packages\Ngrok.Ngrok_Microsoft.Winget.Source_8wekyb3d8bbwe;C:\Users\Ponglang\AppData\Local\Programs\Antigravity IDE\bin;C:\Users\Ponglang\AppData\Local\Google\Cloud SDK\google-cloud-sdk\bin
USERNAME=Ponglang
OS=Windows_NT
PROCESSOR_IDENTIFIER=Intel64 Family 6 Model 186 Stepping 3, GenuineIntel
TMP=C:\Users\Ponglang\AppData\Local\Temp
TEMP=C:\Users\Ponglang\AppData\Local\Temp




Periodic native trim disabled

---------------  S Y S T E M  ---------------

OS:
 Windows 11 , 64 bit Build 26100 (10.0.26100.9444)
OS uptime: 0 days 1:07 hours
Hyper-V role detected

CPU: total 12 (initial active 12) (6 cores per cpu, 2 threads per core) family 6 model 186 stepping 3 microcode 0x4121, cx8, cmov, fxsr, ht, mmx, 3dnowpref, sse, sse2, sse3, ssse3, sse4.1, sse4.2, popcnt, lzcnt, tsc, tscinvbit, avx, avx2, aes, erms, clmul, bmi1, bmi2, adx, sha, fma, vzeroupper, clflush, clflushopt, clwb, hv, serialize, rdtscp, rdpid, fsrm, f16c, cet_ibt, cet_ss
Processor Information for processor 0
  Max Mhz: 1700, Current Mhz: 1700, Mhz Limit: 1700
Processor Information for processor 1
  Max Mhz: 1700, Current Mhz: 1700, Mhz Limit: 1700
Processor Information for processor 2
  Max Mhz: 1700, Current Mhz: 1700, Mhz Limit: 1700
Processor Information for processor 3
  Max Mhz: 1700, Current Mhz: 1700, Mhz Limit: 1700
Processor Information for processor 4
  Max Mhz: 1700, Current Mhz: 1200, Mhz Limit: 1190
Processor Information for processor 5
  Max Mhz: 1700, Current Mhz: 1200, Mhz Limit: 1190
Processor Information for processor 6
  Max Mhz: 1700, Current Mhz: 1200, Mhz Limit: 1190
Processor Information for processor 7
  Max Mhz: 1700, Current Mhz: 1200, Mhz Limit: 1190
Processor Information for processor 8
  Max Mhz: 1700, Current Mhz: 1200, Mhz Limit: 1190
Processor Information for processor 9
  Max Mhz: 1700, Current Mhz: 1200, Mhz Limit: 1190
Processor Information for processor 10
  Max Mhz: 1700, Current Mhz: 1200, Mhz Limit: 1190
Processor Information for processor 11
  Max Mhz: 1700, Current Mhz: 1200, Mhz Limit: 1190

Memory: 4k page, system-wide physical 16057M (674M free)
TotalPageFile size 38624M (AvailPageFile size 4M)
current process WorkingSet (physical memory assigned to process): 484M, peak: 484M
current process commit charge ("private bytes"): 590M, peak: 592M

vm_info: OpenJDK 64-Bit Server VM (21.0.12.1+1-LTS) for windows-amd64 JRE (21.0.12.1+1-LTS), built on 2026-08-18T00:00:00Z by "admin" with MS VC++ 17.12 (VS2022)

END.
