#
# There is insufficient memory for the Java Runtime Environment to continue.
# Native memory allocation (mmap) failed to map 65536 bytes. Error detail: Failed to commit metaspace.
# Possible reasons:
#   The system is out of physical RAM or swap space
#   This process is running with CompressedOops enabled, and the Java Heap may be blocking the growth of the native heap
# Possible solutions:
#   Reduce memory load on the system
#   Increase physical memory or swap space
#   Check if swap backing store is full
#   Decrease Java heap size (-Xmx/-Xms)
#   Decrease number of Java threads
#   Decrease Java thread stack sizes (-Xss)
#   Set larger code cache with -XX:ReservedCodeCacheSize=
#   JVM is running with Unscaled Compressed Oops mode in which the Java heap is
#     placed in the first 4GB address space. The Java Heap base address is the
#     maximum limit for the native heap growth. Please use -XX:HeapBaseMinAddress
#     to set the Java Heap base and to place the Java Heap above 4GB virtual address.
# This output file may be truncated or incomplete.
#
#  Out of Memory Error (virtualSpaceNode.cpp:113), pid=19380, tid=35348
#
# JRE version: OpenJDK Runtime Environment Temurin-21.0.12.1+1 (21.0.12.1+1) (build 21.0.12.1+1-LTS)
# Java VM: OpenJDK 64-Bit Server VM Temurin-21.0.12.1+1 (21.0.12.1+1-LTS, mixed mode, sharing, tiered, compressed oops, compressed class ptrs, g1 gc, windows-amd64)
# No core dump will be written. Minidumps are not enabled by default on client versions of Windows
#

---------------  S U M M A R Y ------------

Command Line: --add-opens=java.base/java.lang=ALL-UNNAMED --add-opens=java.base/java.lang.invoke=ALL-UNNAMED --add-opens=java.base/java.util=ALL-UNNAMED --add-opens=java.prefs/java.util.prefs=ALL-UNNAMED --add-exports=jdk.compiler/com.sun.tools.javac.api=ALL-UNNAMED --add-exports=jdk.compiler/com.sun.tools.javac.util=ALL-UNNAMED --add-opens=java.base/java.util=ALL-UNNAMED --add-opens=java.prefs/java.util.prefs=ALL-UNNAMED --add-opens=java.base/java.nio.charset=ALL-UNNAMED --add-opens=java.base/java.net=ALL-UNNAMED --add-opens=java.base/java.util.concurrent.atomic=ALL-UNNAMED --add-opens=java.xml/javax.xml.namespace=ALL-UNNAMED -Xmx2048m -Dfile.encoding=UTF-8 -Duser.country=US -Duser.language=en -Duser.variant -javaagent:C:\Users\Ponglang\.gradle\wrapper\dists\gradle-8.11.1-bin\bpt9gzteqjrbo1mjrsomdt32c\gradle-8.11.1\lib\agents\gradle-instrumentation-agent-8.11.1.jar org.gradle.launcher.daemon.bootstrap.GradleDaemon 8.11.1

Host: 13th Gen Intel(R) Core(TM) i7-1355U, 12 cores, 15G,  Windows 11 , 64 bit Build 26100 (10.0.26100.9444)
Time: Fri Sep 18 16:24:47 2026 SE Asia Standard Time elapsed time: 6.884527 seconds (0d 0h 0m 6s)

---------------  T H R E A D  ---------------

Current thread (0x000002a1f30c38f0):  JavaThread "Daemon worker"        [_thread_in_vm, id=35348, stack(0x000000af19700000,0x000000af19800000) (1024K)]

Stack: [0x000000af19700000,0x000000af19800000]
Native frames: (J=compiled Java code, j=interpreted, Vv=VM code, C=native code)
V  [jvm.dll+0x6d83e9]
V  [jvm.dll+0x8b5736]
V  [jvm.dll+0x8b7cee]
V  [jvm.dll+0x8b83d3]
V  [jvm.dll+0x284596]
V  [jvm.dll+0x8b147e]
V  [jvm.dll+0x679ad4]
V  [jvm.dll+0x1e849b]
V  [jvm.dll+0x1e825e]
V  [jvm.dll+0x67c3d2]
V  [jvm.dll+0x67c202]
V  [jvm.dll+0x67a4ae]
V  [jvm.dll+0x26e440]
V  [jvm.dll+0x684715]
V  [jvm.dll+0x21973e]
V  [jvm.dll+0x219be5]
V  [jvm.dll+0x21a5d8]
V  [jvm.dll+0x20f80e]
V  [jvm.dll+0x5b6a7f]
V  [jvm.dll+0x82f606]
V  [jvm.dll+0x4792f8]
V  [jvm.dll+0x47f128]
C  [java.dll+0x17ec]

Java frames: (J=compiled Java code, j=interpreted, Vv=VM code)
J 792  java.lang.ClassLoader.defineClass1(Ljava/lang/ClassLoader;Ljava/lang/String;[BIILjava/security/ProtectionDomain;Ljava/lang/String;)Ljava/lang/Class; java.base@21.0.12.1 (0 bytes) @ 0x000002a1e0441411 [0x000002a1e0441340+0x00000000000000d1]
J 1490 c1 java.lang.ClassLoader.defineClass(Ljava/lang/String;[BIILjava/security/ProtectionDomain;)Ljava/lang/Class; java.base@21.0.12.1 (43 bytes) @ 0x000002a1d8bf6bf4 [0x000002a1d8bf68a0+0x0000000000000354]
J 1116 c1 java.security.SecureClassLoader.defineClass(Ljava/lang/String;[BIILjava/security/CodeSource;)Ljava/lang/Class; java.base@21.0.12.1 (16 bytes) @ 0x000002a1d8afbf9c [0x000002a1d8afbec0+0x00000000000000dc]
J 1480 c1 java.net.URLClassLoader.defineClass(Ljava/lang/String;Ljdk/internal/loader/Resource;)Ljava/lang/Class; java.base@21.0.12.1 (224 bytes) @ 0x000002a1d8bed844 [0x000002a1d8bec100+0x0000000000001744]
J 889 c1 java.net.URLClassLoader$1.run()Ljava/lang/Class; java.base@21.0.12.1 (81 bytes) @ 0x000002a1d8a98a7c [0x000002a1d8a97e40+0x0000000000000c3c]
J 888 c1 java.net.URLClassLoader$1.run()Ljava/lang/Object; java.base@21.0.12.1 (5 bytes) @ 0x000002a1d8a978d4 [0x000002a1d8a97840+0x0000000000000094]
J 723 c1 java.security.AccessController.doPrivileged(Ljava/security/PrivilegedExceptionAction;Ljava/security/AccessControlContext;)Ljava/lang/Object; java.base@21.0.12.1 (26 bytes) @ 0x000002a1d8a3d48c [0x000002a1d8a3d2a0+0x00000000000001ec]
J 844 c1 java.net.URLClassLoader.findClass(Ljava/lang/String;)Ljava/lang/Class; java.base@21.0.12.1 (47 bytes) @ 0x000002a1d8a83c44 [0x000002a1d8a83aa0+0x00000000000001a4]
J 795 c1 java.lang.ClassLoader.loadClass(Ljava/lang/String;Z)Ljava/lang/Class; java.base@21.0.12.1 (121 bytes) @ 0x000002a1d8a67a24 [0x000002a1d8a67460+0x00000000000005c4]
J 816 c1 java.lang.ClassLoader.loadClass(Ljava/lang/String;)Ljava/lang/Class; java.base@21.0.12.1 (7 bytes) @ 0x000002a1d8a763d4 [0x000002a1d8a762c0+0x0000000000000114]
v  ~StubRoutines::call_stub 0x000002a1dfe5100d
j  org.gradle.tooling.internal.provider.LauncherServices$ToolingBuildSessionScopeServices.createActionExecutor(Lorg/gradle/internal/build/event/BuildEventListenerFactory;Lorg/gradle/internal/concurrent/ExecutorFactory;Lorg/gradle/internal/event/ListenerManager;Lorg/gradle/internal/operations/BuildOperationListenerManager;Lorg/gradle/internal/operations/BuildOperationRunner;Lorg/gradle/internal/execution/WorkInputListeners;Lorg/gradle/internal/watch/vfs/FileChangeListeners;Lorg/gradle/internal/logging/text/StyledTextOutputFactory;Lorg/gradle/initialization/BuildRequestMetaData;Lorg/gradle/initialization/BuildCancellationToken;Lorg/gradle/deployment/internal/DeploymentRegistryInternal;Lorg/gradle/initialization/BuildEventConsumer;Lorg/gradle/internal/buildevents/BuildStartedTime;Lorg/gradle/internal/time/Clock;Lorg/gradle/internal/operations/logging/LoggingBuildOperationProgressBroadcaster;Lorg/gradle/internal/operations/notify/BuildOperationNotificationValve;Lorg/gradle/internal/buildtree/BuildTreeModelControllerServices;Lorg/gradle/internal/work/WorkerLeaseService;Lorg/gradle/internal/build/BuildLayoutValidator;Lorg/gradle/internal/nativeintegration/filesystem/FileSystem;Lorg/gradle/internal/watch/vfs/BuildLifecycleAwareVirtualFileSystem;Lorg/gradle/internal/snapshot/ValueSnapshotter;)Lorg/gradle/internal/session/BuildSessionActionExecutor;+31
j  java.lang.invoke.LambdaForm$DMH+0x000002a181269800.invokeVirtual(Ljava/lang/Object;Ljava/lang/Object;Ljava/lang/Object;Ljava/lang/Object;Ljava/lang/Object;Ljava/lang/Object;Ljava/lang/Object;Ljava/lang/Object;Ljava/lang/Object;Ljava/lang/Object;Ljava/lang/Object;Ljava/lang/Object;Ljava/lang/Object;Ljava/lang/Object;Ljava/lang/Object;Ljava/lang/Object;Ljava/lang/Object;Ljava/lang/Object;Ljava/lang/Object;Ljava/lang/Object;Ljava/lang/Object;Ljava/lang/Object;Ljava/lang/Object;Ljava/lang/Object;)Ljava/lang/Object;+54 java.base@21.0.12.1
j  java.lang.invoke.LambdaForm$MH+0x000002a181276000.invoke(Ljava/lang/Object;Ljava/lang/Object;Ljava/lang/Object;Ljava/lang/Object;Ljava/lang/Object;Ljava/lang/Object;Ljava/lang/Object;Ljava/lang/Object;Ljava/lang/Object;Ljava/lang/Object;Ljava/lang/Object;Ljava/lang/Object;Ljava/lang/Object;Ljava/lang/Object;Ljava/lang/Object;Ljava/lang/Object;Ljava/lang/Object;Ljava/lang/Object;Ljava/lang/Object;Ljava/lang/Object;Ljava/lang/Object;Ljava/lang/Object;Ljava/lang/Object;Ljava/lang/Object;)Ljava/lang/Object;+455 java.base@21.0.12.1
j  java.lang.invoke.LambdaForm$MH+0x000002a181276400.invoke(Ljava/lang/Object;Ljava/lang/Object;Ljava/lang/Object;)Ljava/lang/Object;+194 java.base@21.0.12.1
j  java.lang.invoke.LambdaForm$MH+0x000002a181098000.invoke(Ljava/lang/Object;Ljava/lang/Object;Ljava/lang/Object;)Ljava/lang/Object;+34 java.base@21.0.12.1
J 2180 c1 jdk.internal.reflect.DirectMethodHandleAccessor.invoke(Ljava/lang/Object;[Ljava/lang/Object;)Ljava/lang/Object; java.base@21.0.12.1 (92 bytes) @ 0x000002a1d8d384a4 [0x000002a1d8d37c40+0x0000000000000864]
J 2179 c1 java.lang.reflect.Method.invoke(Ljava/lang/Object;[Ljava/lang/Object;)Ljava/lang/Object; java.base@21.0.12.1 (108 bytes) @ 0x000002a1d8d373d4 [0x000002a1d8d36ec0+0x0000000000000514]
j  org.gradle.internal.reflect.JavaMethod.invoke(Ljava/lang/Object;[Ljava/lang/Object;)Ljava/lang/Object;+6
j  org.gradle.internal.service.ReflectionBasedServiceMethod.invoke(Ljava/lang/Object;[Ljava/lang/Object;)Ljava/lang/Object;+6
j  org.gradle.internal.service.DefaultServiceRegistry$FactoryMethodService.invokeMethod([Ljava/lang/Object;)Ljava/lang/Object;+28
j  org.gradle.internal.service.DefaultServiceRegistry$FactoryService.createServiceInstance()Ljava/lang/Object;+7
j  org.gradle.internal.service.DefaultServiceRegistry$FactoryMethodService.createServiceInstance()Ljava/lang/Object;+1
j  org.gradle.internal.service.DefaultServiceRegistry$ManagedObjectServiceProvider.getInstance()Ljava/lang/Object;+24
J 2596 c1 org.gradle.internal.service.DefaultServiceRegistry$SingletonService.get()Ljava/lang/Object; (5 bytes) @ 0x000002a1d8e1ab3c [0x000002a1d8e1aac0+0x000000000000007c]
j  org.gradle.internal.service.DefaultServiceRegistry.find(Ljava/lang/reflect/Type;)Ljava/lang/Object;+22
j  org.gradle.internal.service.DefaultServiceRegistry.get(Ljava/lang/reflect/Type;)Ljava/lang/Object;+2
j  org.gradle.internal.service.DefaultServiceRegistry.get(Ljava/lang/Class;)Ljava/lang/Object;+3
j  org.gradle.internal.session.DefaultBuildSessionContext.execute(Lorg/gradle/internal/invocation/BuildAction;)Lorg/gradle/internal/buildtree/BuildActionRunner$Result;+54
j  org.gradle.internal.buildprocess.execution.BuildSessionLifecycleBuildActionExecutor$ActionImpl.apply(Lorg/gradle/internal/session/BuildSessionContext;)Lorg/gradle/launcher/exec/BuildActionResult;+6
j  org.gradle.internal.buildprocess.execution.BuildSessionLifecycleBuildActionExecutor$ActionImpl.apply(Ljava/lang/Object;)Ljava/lang/Object;+5
j  org.gradle.internal.session.BuildSessionState.run(Ljava/util/function/Function;)Ljava/lang/Object;+5
j  org.gradle.internal.buildprocess.execution.BuildSessionLifecycleBuildActionExecutor.execute(Lorg/gradle/internal/invocation/BuildAction;Lorg/gradle/launcher/exec/BuildActionParameters;Lorg/gradle/initialization/BuildRequestContext;)Lorg/gradle/launcher/exec/BuildActionResult;+95
j  org.gradle.internal.buildprocess.execution.BuildSessionLifecycleBuildActionExecutor.execute(Lorg/gradle/internal/invocation/BuildAction;Ljava/lang/Object;Ljava/lang/Object;)Lorg/gradle/launcher/exec/BuildActionResult;+10
j  org.gradle.internal.buildprocess.execution.StartParamsValidatingActionExecutor.execute(Lorg/gradle/internal/invocation/BuildAction;Lorg/gradle/launcher/exec/BuildActionParameters;Lorg/gradle/initialization/BuildRequestContext;)Lorg/gradle/launcher/exec/BuildActionResult;+203
j  org.gradle.internal.buildprocess.execution.StartParamsValidatingActionExecutor.execute(Lorg/gradle/internal/invocation/BuildAction;Ljava/lang/Object;Ljava/lang/Object;)Lorg/gradle/launcher/exec/BuildActionResult;+10
j  org.gradle.internal.buildprocess.execution.SessionFailureReportingActionExecutor.execute(Lorg/gradle/internal/invocation/BuildAction;Lorg/gradle/launcher/exec/BuildActionParameters;Lorg/gradle/initialization/BuildRequestContext;)Lorg/gradle/launcher/exec/BuildActionResult;+7
j  org.gradle.internal.buildprocess.execution.SessionFailureReportingActionExecutor.execute(Lorg/gradle/internal/invocation/BuildAction;Ljava/lang/Object;Ljava/lang/Object;)Lorg/gradle/launcher/exec/BuildActionResult;+10
j  org.gradle.internal.buildprocess.execution.SetupLoggingActionExecutor.execute(Lorg/gradle/internal/invocation/BuildAction;Lorg/gradle/launcher/exec/BuildActionParameters;Lorg/gradle/initialization/BuildRequestContext;)Lorg/gradle/launcher/exec/BuildActionResult;+50
j  org.gradle.internal.buildprocess.execution.SetupLoggingActionExecutor.execute(Lorg/gradle/internal/invocation/BuildAction;Ljava/lang/Object;Ljava/lang/Object;)Lorg/gradle/launcher/exec/BuildActionResult;+10
j  org.gradle.launcher.daemon.server.exec.ExecuteBuild.doBuild(Lorg/gradle/launcher/daemon/server/api/DaemonCommandExecution;Lorg/gradle/launcher/daemon/protocol/Build;)V+147
j  org.gradle.launcher.daemon.server.exec.BuildCommandOnly.execute(Lorg/gradle/launcher/daemon/server/api/DaemonCommandExecution;)V+49
j  org.gradle.launcher.daemon.server.api.DaemonCommandExecution.proceed()Z+23
j  org.gradle.launcher.daemon.server.exec.WatchForDisconnection.execute(Lorg/gradle/launcher/daemon/server/api/DaemonCommandExecution;)V+19
j  org.gradle.launcher.daemon.server.api.DaemonCommandExecution.proceed()Z+23
j  org.gradle.launcher.daemon.server.exec.ResetDeprecationLogger.execute(Lorg/gradle/launcher/daemon/server/api/DaemonCommandExecution;)V+7
j  org.gradle.launcher.daemon.server.api.DaemonCommandExecution.proceed()Z+23
j  org.gradle.launcher.daemon.server.exec.RequestStopIfSingleUsedDaemon.execute(Lorg/gradle/launcher/daemon/server/api/DaemonCommandExecution;)V+33
j  org.gradle.launcher.daemon.server.api.DaemonCommandExecution.proceed()Z+23
j  org.gradle.launcher.daemon.server.exec.ForwardClientInput.lambda$execute$0(Lorg/gradle/launcher/daemon/server/api/DaemonCommandExecution;Lorg/gradle/internal/daemon/clientinput/StdinHandler;)Ljava/lang/Object;+11
j  org.gradle.launcher.daemon.server.exec.ForwardClientInput$$Lambda+0x000002a18118aec8.apply(Ljava/lang/Object;)Ljava/lang/Object;+8
j  org.gradle.internal.daemon.clientinput.ClientInputForwarder.forwardInput(Ljava/util/function/Function;)Ljava/lang/Object;+46
j  org.gradle.launcher.daemon.server.exec.ForwardClientInput.execute(Lorg/gradle/launcher/daemon/server/api/DaemonCommandExecution;)V+10
j  org.gradle.launcher.daemon.server.api.DaemonCommandExecution.proceed()Z+23
j  org.gradle.launcher.daemon.server.exec.LogAndCheckHealth.execute(Lorg/gradle/launcher/daemon/server/api/DaemonCommandExecution;)V+51
j  org.gradle.launcher.daemon.server.api.DaemonCommandExecution.proceed()Z+23
j  org.gradle.launcher.daemon.server.exec.LogToClient.doBuild(Lorg/gradle/launcher/daemon/server/api/DaemonCommandExecution;Lorg/gradle/launcher/daemon/protocol/Build;)V+87
j  org.gradle.launcher.daemon.server.exec.BuildCommandOnly.execute(Lorg/gradle/launcher/daemon/server/api/DaemonCommandExecution;)V+49
j  org.gradle.launcher.daemon.server.api.DaemonCommandExecution.proceed()Z+23
j  org.gradle.launcher.daemon.server.exec.EstablishBuildEnvironment.doBuild(Lorg/gradle/launcher/daemon/server/api/DaemonCommandExecution;Lorg/gradle/launcher/daemon/protocol/Build;)V+356
j  org.gradle.launcher.daemon.server.exec.BuildCommandOnly.execute(Lorg/gradle/launcher/daemon/server/api/DaemonCommandExecution;)V+49
j  org.gradle.launcher.daemon.server.api.DaemonCommandExecution.proceed()Z+23
j  org.gradle.launcher.daemon.server.exec.StartBuildOrRespondWithBusy$1.run()V+44
j  org.gradle.launcher.daemon.server.DaemonStateCoordinator.lambda$runCommand$0(Ljava/lang/Runnable;)V+1
j  org.gradle.launcher.daemon.server.DaemonStateCoordinator$$Lambda+0x000002a181189a48.run()V+8
j  org.gradle.internal.concurrent.ExecutorPolicy$CatchAndRecordFailures.onExecute(Ljava/lang/Runnable;)V+1
j  org.gradle.internal.concurrent.AbstractManagedExecutor$1.run()V+25
j  java.util.concurrent.ThreadPoolExecutor.runWorker(Ljava/util/concurrent/ThreadPoolExecutor$Worker;)V+92 java.base@21.0.12.1
j  java.util.concurrent.ThreadPoolExecutor$Worker.run()V+5 java.base@21.0.12.1
j  java.lang.Thread.runWith(Ljava/lang/Object;Ljava/lang/Runnable;)V+5 java.base@21.0.12.1
j  java.lang.Thread.run()V+19 java.base@21.0.12.1
v  ~StubRoutines::call_stub 0x000002a1dfe5100d

Compiled method (n/a) 6949  792     n 0       java.lang.ClassLoader::defineClass1 (native)
 total in heap  [0x000002a1e0441190,0x000002a1e0441728] = 1432
 relocation     [0x000002a1e04412f0,0x000002a1e0441328] = 56
 main code      [0x000002a1e0441340,0x000002a1e0441721] = 993
 stub code      [0x000002a1e0441721,0x000002a1e0441728] = 7

[Constant Pool (empty)]

[MachCode]
[Entry Point]
  # {method} {0x000002a180434c38} 'defineClass1' '(Ljava/lang/ClassLoader;Ljava/lang/String;[BIILjava/security/ProtectionDomain;Ljava/lang/String;)Ljava/lang/Class;' in 'java/lang/ClassLoader'
  # parm0:    rdx:rdx   = 'java/lang/ClassLoader'
  # parm1:    r8:r8     = 'java/lang/String'
  # parm2:    r9:r9     = '[B'
  # parm3:    rdi       = int
  # parm4:    rsi       = int
  # parm5:    rcx:rcx   = 'java/security/ProtectionDomain'
  # parm6:    [sp+0xa0]   = 'java/lang/String'  (sp of caller)
  0x000002a1e0441340: 448b 5208 | 49bb 0000 | 0080 a102 | 0000 4d03 | d349 3bc2 | 0f84 0600 

  0x000002a1e0441358: ;   {runtime_call ic_miss_stub}
  0x000002a1e0441358: 0000 e921 | d4a5 ff90 
[Verified Entry Point]
  0x000002a1e0441360: 8984 2400 | 80ff ff55 | 488b ec48 | 81ec 9000 | 0000 6690 | 4181 7f20 | 0100 0000 

  0x000002a1e044137c: ;   {runtime_call StubRoutines (final stubs)}
  0x000002a1e044137c: 7405 e81d | 51a4 ff48 | 837d 1000 | 488d 4510 | 480f 4445 | 1048 8944 | 2440 4889 | 4c24 7048 
  0x000002a1e044139c: 83f9 0048 | 8d44 2470 | 480f 4444 | 2470 4889 | 4424 3848 | 8974 2430 | 4889 7c24 | 284c 894c 
  0x000002a1e04413bc: 2458 4983 | f900 488d | 4424 5848 | 0f44 4424 | 5848 8944 | 2420 4c89 | 4424 5049 | 83f8 004c 
  0x000002a1e04413dc: 8d4c 2450 | 4c0f 444c | 2450 4889 | 5424 4848 | 83fa 004c | 8d44 2448 | 4c0f 4444 

  0x000002a1e04413f8: ;   {oop(a 'java/lang/Class'{0x0000000080881fc8} = 'java/lang/ClassLoader')}
  0x000002a1e04413f8: 2448 49be | c81f 8880 | 0000 0000 | 4c89 7424 | 784c 8d74 | 2478 498b | d6c5 f877 

  0x000002a1e0441414: ;   {internal_word}
  0x000002a1e0441414: 49ba 1114 | 44e0 a102 | 0000 4d89 | 97a8 0300 | 0049 89a7 | a003 0000 

  0x000002a1e044142c: ;   {external_word}
  0x000002a1e044142c: 49ba 066d | ca02 f97f | 0000 4180 | 3a00 0f84 | 4e00 0000 | 5241 5041 

  0x000002a1e0441444: ;   {metadata({method} {0x000002a180434c38} 'defineClass1' '(Ljava/lang/ClassLoader;Ljava/lang/String;[BIILjava/security/ProtectionDomain;Ljava/lang/String;)Ljava/lang/Class;' in 'java/lang/ClassLoader')}
  0x000002a1e0441444: 5148 ba30 | 4c43 80a1 | 0200 0049 | 8bcf 4883 | ec20 40f6 | c40f 0f84 | 1900 0000 | 4883 ec08 
  0x000002a1e0441464: ;   {runtime_call}
  0x000002a1e0441464: 48b8 e0ea | 7302 f97f | 0000 ffd0 | 4883 c408 | e90c 0000 

  0x000002a1e0441478: ;   {runtime_call}
  0x000002a1e0441478: 0048 b8e0 | ea73 02f9 | 7f00 00ff | d048 83c4 | 2041 5941 | 585a 498d | 8fc0 0300 | 0041 c787 
  0x000002a1e0441498: 4c04 0000 | 0400 0000 

  0x000002a1e04414a0: ;   {runtime_call}
  0x000002a1e04414a0: 48b8 ac16 | 26de f97f | 0000 ffd0 | c5f8 7741 | c787 4c04 | 0000 0500 | 0000 f083 | 4424 c000 
  0x000002a1e04414c0: 493b af50 | 0400 000f | 870e 0000 | 0041 83bf | 4804 0000 | 000f 842b | 0000 00c5 | f877 4889 
  0x000002a1e04414e0: 45f8 498b | cf4c 8be4 | 4883 ec20 | 4883 e4f0 

  0x000002a1e04414f0: ;   {runtime_call}
  0x000002a1e04414f0: 48b8 0058 | 3f02 f97f | 0000 ffd0 | 498b e44d | 33e4 488b | 45f8 41c7 | 874c 0400 | 0008 0000 
  0x000002a1e0441510: 0041 83bf | c804 0000 | 020f 84d5 

  0x000002a1e044151c: ;   {external_word}
  0x000002a1e044151c: 0100 0049 | ba06 6dca | 02f9 7f00 | 0041 803a | 000f 844c | 0000 0048 

  0x000002a1e0441534: ;   {metadata({method} {0x000002a180434c38} 'defineClass1' '(Ljava/lang/ClassLoader;Ljava/lang/String;[BIILjava/security/ProtectionDomain;Ljava/lang/String;)Ljava/lang/Class;' in 'java/lang/ClassLoader')}
  0x000002a1e0441534: 8945 f848 | ba30 4c43 | 80a1 0200 | 0049 8bcf | 4883 ec20 | 40f6 c40f | 0f84 1900 | 0000 4883 
  0x000002a1e0441554: ;   {runtime_call}
  0x000002a1e0441554: ec08 48b8 | e0ea 7302 | f97f 0000 | ffd0 4883 | c408 e90c 

  0x000002a1e0441568: ;   {runtime_call}
  0x000002a1e0441568: 0000 0048 | b8e0 ea73 | 02f9 7f00 | 00ff d048 | 83c4 2048 | 8b45 f849 | c787 a003 | 0000 0000 
  0x000002a1e0441588: 0000 49c7 | 87a8 0300 | 0000 0000 | 00c5 f877 | 4885 c00f | 8430 0100 | 00a8 030f | 8508 0000 
  0x000002a1e04415a8: 0048 8b00 | e920 0100 | 00a8 010f | 8509 0000 | 0048 8b40 | fee9 0f01 | 0000 488b | 40ff 4180 
  0x000002a1e04415c8: 7f40 000f | 8400 0100 | 0048 83f8 | 000f 84f6 | 0000 0049 | 8b4f 2848 | 83f9 000f | 8414 0000 
  0x000002a1e04415e8: 0048 83e9 | 0849 894f | 2849 034f | 3848 8901 | e9d4 0000 | 0048 83ec | 7048 8904 | 2448 894c 
  0x000002a1e0441608: 2408 4889 | 5424 104c | 8944 2418 | 4c89 4c24 | 204c 8954 | 2428 4c89 | 5c24 30c5 | fb11 4424 
  0x000002a1e0441628: 40c5 fb11 | 4c24 48c5 | fb11 5424 | 50c5 fb11 | 5c24 58c5 | fb11 6424 | 60c5 fb11 | 6c24 6849 
  0x000002a1e0441648: 8bd7 488b | c848 83ec | 2040 f6c4 | 0f0f 8419 | 0000 0048 

  0x000002a1e044165c: ;   {runtime_call}
  0x000002a1e044165c: 83ec 0848 | b820 a432 | 02f9 7f00 | 00ff d048 | 83c4 08e9 | 0c00 0000 

  0x000002a1e0441674: ;   {runtime_call}
  0x000002a1e0441674: 48b8 20a4 | 3202 f97f | 0000 ffd0 | 4883 c420 | c5fb 106c | 2468 c5fb | 1064 2460 | c5fb 105c 
  0x000002a1e0441694: 2458 c5fb | 1054 2450 | c5fb 104c | 2448 c5fb | 1044 2440 | 4c8b 5c24 | 304c 8b54 | 2428 4c8b 
  0x000002a1e04416b4: 4c24 204c | 8b44 2418 | 488b 5424 | 1048 8b4c | 2408 488b | 0424 4883 | c470 c5f8 | 7749 8b8f 
  0x000002a1e04416d4: 3004 0000 | c781 0001 | 0000 0000 | 0000 c949 | 837f 0800 | 0f85 0100 

  0x000002a1e04416ec: ;   {runtime_call StubRoutines (initial stubs)}
  0x000002a1e04416ec: 0000 c3e9 | 0cf8 a0ff | c5f8 7748 | 8945 f84c | 8be4 4883 | ec20 4883 

  0x000002a1e0441704: ;   {runtime_call}
  0x000002a1e0441704: e4f0 48b8 | 3022 7402 | f97f 0000 | ffd0 498b | e44d 33e4 | 488b 45f8 | e9fe fdff | fff4 f4f4 
  0x000002a1e0441724: f4f4 f4f4 
[/MachCode]


Compiled method (c1) 6963 1490       3       java.lang.ClassLoader::defineClass (43 bytes)
 total in heap  [0x000002a1d8bf6690,0x000002a1d8bf6fe0] = 2384
 relocation     [0x000002a1d8bf67f0,0x000002a1d8bf6890] = 160
 main code      [0x000002a1d8bf68a0,0x000002a1d8bf6d38] = 1176
 stub code      [0x000002a1d8bf6d38,0x000002a1d8bf6db0] = 120
 metadata       [0x000002a1d8bf6db0,0x000002a1d8bf6de0] = 48
 scopes data    [0x000002a1d8bf6de0,0x000002a1d8bf6ed0] = 240
 scopes pcs     [0x000002a1d8bf6ed0,0x000002a1d8bf6fb0] = 224
 dependencies   [0x000002a1d8bf6fb0,0x000002a1d8bf6fb8] = 8
 nul chk table  [0x000002a1d8bf6fb8,0x000002a1d8bf6fe0] = 40

[Constant Pool (empty)]

[MachCode]
[Entry Point]
  # {method} {0x000002a180434fb8} 'defineClass' '(Ljava/lang/String;[BIILjava/security/ProtectionDomain;)Ljava/lang/Class;' in 'java/lang/ClassLoader'
  # this:     rdx:rdx   = 'java/lang/ClassLoader'
  # parm0:    r8:r8     = 'java/lang/String'
  # parm1:    r9:r9     = '[B'
  # parm2:    rdi       = int
  # parm3:    rsi       = int
  # parm4:    rcx:rcx   = 'java/security/ProtectionDomain'
  #           [sp+0xc0]  (sp of caller)
  0x000002a1d8bf68a0: 448b 5208 | 49bb 0000 | 0080 a102 | 0000 4d03 | d34c 3bd0 

  0x000002a1d8bf68b4: ;   {runtime_call ic_miss_stub}
  0x000002a1d8bf68b4: 0f85 c67e | 2a07 660f | 1f44 0000 
[Verified Entry Point]
  0x000002a1d8bf68c0: 8984 2400 | 80ff ff55 | 4881 ecb0 | 0000 0090 | 4181 7f20 | 0100 0000 

  0x000002a1d8bf68d8: ;   {runtime_call StubRoutines (final stubs)}
  0x000002a1d8bf68d8: 7405 e8c1 | fb28 0748 | 8954 2478 

  0x000002a1d8bf68e4: ;   {metadata(method data for {method} {0x000002a180434fb8} 'defineClass' '(Ljava/lang/String;[BIILjava/security/ProtectionDomain;)Ljava/lang/Class;' in 'java/lang/ClassLoader')}
  0x000002a1d8bf68e4: 48bb c0c8 | 18ee a102 | 0000 8b83 | cc00 0000 | 83c0 0289 | 83cc 0000 | 0025 fe07 | 0000 85c0 
  0x000002a1d8bf6904: 0f84 5003 | 0000 89b4 | 2494 0000 | 0089 bc24 | 9000 0000 | 4c89 8c24 | 8800 0000 

  0x000002a1d8bf6920: ;   {metadata(method data for {method} {0x000002a180434fb8} 'defineClass' '(Ljava/lang/String;[BIILjava/security/ProtectionDomain;)Ljava/lang/Class;' in 'java/lang/ClassLoader')}
  0x000002a1d8bf6920: 488b da48 | b8c0 c818 | eea1 0200 | 0048 8380 | 1001 0000 | 0149 8bd8 | 4c8b c34c | 8bc9 488b 
  0x000002a1d8bf6940: ca48 8bd1 | 4889 9c24 | 8000 0000 

  0x000002a1d8bf694c: ;   {optimized virtual_call}
  0x000002a1d8bf694c: 6666 90e8 

  0x000002a1d8bf6950: ; ImmutableOopMap {[120]=Oop [128]=Oop [136]=Oop }
                      ;*invokevirtual preDefineClass {reexecute=0 rethrow=0 return_oop=0}
                      ; - java.lang.ClassLoader::defineClass@4
  0x000002a1d8bf6950: cc50 0000 

  0x000002a1d8bf6954: ;   {other}
  0x000002a1d8bf6954: 0f1f 8400 | c402 0000 | 4889 8424 | 9800 0000 | 488b 5424 

  0x000002a1d8bf6968: ;   {metadata(method data for {method} {0x000002a180434fb8} 'defineClass' '(Ljava/lang/String;[BIILjava/security/ProtectionDomain;)Ljava/lang/Class;' in 'java/lang/ClassLoader')}
  0x000002a1d8bf6968: 7849 b8c0 | c818 eea1 | 0200 0049 | 8380 4801 

  0x000002a1d8bf6978: ;   {metadata(method data for {method} {0x000002a180434ca0} 'defineClassSourceLocation' '(Ljava/security/ProtectionDomain;)Ljava/lang/String;' in 'java/lang/ClassLoader')}
  0x000002a1d8bf6978: 0000 0149 | b890 fa18 | eea1 0200 | 0041 8b90 | cc00 0000 | 83c2 0241 | 8990 cc00 | 0000 81e2 
  0x000002a1d8bf6998: feff 1f00 | 85d2 0f84 | d702 0000 

  0x000002a1d8bf69a4: ; implicit exception: dispatches to 0x000002a1d8bf6c9c
  0x000002a1d8bf69a4: 483b 004c 

  0x000002a1d8bf69a8: ;   {metadata(method data for {method} {0x000002a180434ca0} 'defineClassSourceLocation' '(Ljava/security/ProtectionDomain;)Ljava/lang/String;' in 'java/lang/ClassLoader')}
  0x000002a1d8bf69a8: 8bc0 48ba | 90fa 18ee | a102 0000 | 4883 8210 | 0100 0001 | 448b 4010 

  0x000002a1d8bf69c0: ;   {metadata(method data for {method} {0x000002a180434ca0} 'defineClassSourceLocation' '(Ljava/security/ProtectionDomain;)Ljava/lang/String;' in 'java/lang/ClassLoader')}
  0x000002a1d8bf69c0: 4d85 c048 | ba90 fa18 | eea1 0200 | 0048 c7c6 | 5801 0000 | 7507 48c7 | c648 0100 | 0048 8b3c 
  0x000002a1d8bf69e0: 3248 8d7f | 0148 893c | 320f 850f 

  0x000002a1d8bf69ec: ;   {oop(nullptr)}
  0x000002a1d8bf69ec: 0000 0048 | bb00 0000 | 0000 0000 | 00e9 a101 | 0000 493b | 0049 8bd0 

  0x000002a1d8bf6a04: ;   {metadata(method data for {method} {0x000002a180434ca0} 'defineClassSourceLocation' '(Ljava/security/ProtectionDomain;)Ljava/lang/String;' in 'java/lang/ClassLoader')}
  0x000002a1d8bf6a04: 48be 90fa | 18ee a102 | 0000 4883 | 8668 0100 | 0001 418b | 500c 4885 

  0x000002a1d8bf6a1c: ;   {metadata(method data for {method} {0x000002a180434ca0} 'defineClassSourceLocation' '(Ljava/security/ProtectionDomain;)Ljava/lang/String;' in 'java/lang/ClassLoader')}
  0x000002a1d8bf6a1c: d248 be90 | fa18 eea1 | 0200 0048 | c7c7 b001 | 0000 7507 | 48c7 c7a0 | 0100 0048 | 8b1c 3e48 
  0x000002a1d8bf6a3c: 8d5b 0148 | 891c 3e0f | 850f 0000 

  0x000002a1d8bf6a48: ;   {oop(nullptr)}
  0x000002a1d8bf6a48: 0048 bb00 | 0000 0000 | 0000 00e9 | 4701 0000 

  0x000002a1d8bf6a58: ;   {metadata(method data for {method} {0x000002a180434ca0} 'defineClassSourceLocation' '(Ljava/security/ProtectionDomain;)Ljava/lang/String;' in 'java/lang/ClassLoader')}
  0x000002a1d8bf6a58: 48be 90fa | 18ee a102 | 0000 4883 | 86c0 0100 | 0001 483b | 024c 8bc2 

  0x000002a1d8bf6a70: ;   {metadata(method data for {method} {0x000002a180434ca0} 'defineClassSourceLocation' '(Ljava/security/ProtectionDomain;)Ljava/lang/String;' in 'java/lang/ClassLoader')}
  0x000002a1d8bf6a70: 48be 90fa | 18ee a102 | 0000 4883 | 86f8 0100 

  0x000002a1d8bf6a80: ;   {metadata(method data for {method} {0x000002a18001abf0} 'toString' '()Ljava/lang/String;' in 'java/net/URL')}
  0x000002a1d8bf6a80: 0001 49b8 | 58fc 10ee | a102 0000 | 418b b0cc | 0000 0083 | c602 4189 | b0cc 0000 | 0081 e6fe 
  0x000002a1d8bf6aa0: ff1f 0085 | f60f 8400 | 0200 004c 

  0x000002a1d8bf6aac: ;   {metadata(method data for {method} {0x000002a18001abf0} 'toString' '()Ljava/lang/String;' in 'java/net/URL')}
  0x000002a1d8bf6aac: 8bc2 48be | 58fc 10ee | a102 0000 | 4883 8610 | 0100 0001 

  0x000002a1d8bf6ac0: ;   {metadata(method data for {method} {0x000002a180428840} 'toExternalForm' '()Ljava/lang/String;' in 'java/net/URL')}
  0x000002a1d8bf6ac0: 49b8 e0fd | 10ee a102 | 0000 418b | b0cc 0000 | 0083 c602 | 4189 b0cc | 0000 0081 | e6fe ff1f 
  0x000002a1d8bf6ae0: 0085 f60f | 84e3 0100 | 008b 7238 

  0x000002a1d8bf6aec: ; implicit exception: dispatches to 0x000002a1d8bf6ced
  0x000002a1d8bf6aec: 483b 064c 

  0x000002a1d8bf6af0: ;   {metadata(method data for {method} {0x000002a180428840} 'toExternalForm' '()Ljava/lang/String;' in 'java/net/URL')}
  0x000002a1d8bf6af0: 8bc6 48bf | e0fd 10ee | a102 0000 | 458b 4008 | 49ba 0000 | 0080 a102 | 0000 4d03 | c24c 3b87 
  0x000002a1d8bf6b10: 2001 0000 | 750d 4883 | 8728 0100 | 0001 e960 | 0000 004c | 3b87 3001 | 0000 750d | 4883 8738 
  0x000002a1d8bf6b30: 0100 0001 | e94a 0000 | 0048 83bf | 2001 0000 | 0075 174c | 8987 2001 | 0000 48c7 | 8728 0100 
  0x000002a1d8bf6b50: 0001 0000 | 00e9 2900 | 0000 4883 | bf30 0100 | 0000 7517 | 4c89 8730 | 0100 0048 | c787 3801 
  0x000002a1d8bf6b70: 0000 0100 | 0000 e908 | 0000 0048 | 8387 1001 | 0000 014c | 8bc2 488b | d666 0f1f 

  0x000002a1d8bf6b8c: ;   {optimized virtual_call}
  0x000002a1d8bf6b8c: 4400 00e8 

  0x000002a1d8bf6b90: ; ImmutableOopMap {[120]=Oop [128]=Oop [136]=Oop [152]=Oop }
                      ;*invokevirtual toExternalForm {reexecute=0 rethrow=0 return_oop=0}
                      ; - java.net.URL::toExternalForm@5
                      ; - java.net.URL::toString@1
                      ; - java.lang.ClassLoader::defineClassSourceLocation@22
                      ; - java.lang.ClassLoader::defineClass@12
  0x000002a1d8bf6b90: 0c1f e9ff 

  0x000002a1d8bf6b94: ;   {other}
  0x000002a1d8bf6b94: 0f1f 8400 | 0405 0001 | 488b d848 | 8b84 2498 | 0000 008b | b424 9400 | 0000 8bbc | 2490 0000 
  0x000002a1d8bf6bb4: 004c 8b8c | 2488 0000 | 004c 8b84 | 2480 0000 | 0048 8b54 

  0x000002a1d8bf6bc8: ;   {metadata(method data for {method} {0x000002a180434fb8} 'defineClass' '(Ljava/lang/String;[BIILjava/security/ProtectionDomain;)Ljava/lang/Class;' in 'java/lang/ClassLoader')}
  0x000002a1d8bf6bc8: 2478 48b9 | c0c8 18ee | a102 0000 | 4883 8180 | 0100 0001 | 4c8b da49 | 8bd3 488b | c848 891c 
  0x000002a1d8bf6be8: 2466 0f1f 

  0x000002a1d8bf6bec: ;   {static_call}
  0x000002a1d8bf6bec: 4400 00e8 

  0x000002a1d8bf6bf0: ; ImmutableOopMap {[120]=Oop [152]=Oop }
                      ;*invokestatic defineClass1 {reexecute=0 rethrow=0 return_oop=0}
                      ; - java.lang.ClassLoader::defineClass@27
  0x000002a1d8bf6bf0: 6ca7 8407 

  0x000002a1d8bf6bf4: ;   {other}
  0x000002a1d8bf6bf4: 0f1f 8400 | 6405 0002 | 488b 5424 

  0x000002a1d8bf6c00: ;   {metadata(method data for {method} {0x000002a180434fb8} 'defineClass' '(Ljava/lang/String;[BIILjava/security/ProtectionDomain;)Ljava/lang/Class;' in 'java/lang/ClassLoader')}
  0x000002a1d8bf6c00: 7849 b8c0 | c818 eea1 | 0200 0049 | 8380 9001 | 0000 014c | 8bc0 4c8b | 8c24 9800 | 0000 488b 
  0x000002a1d8bf6c20: 5424 7848 | 8984 24a0 | 0000 000f 

  0x000002a1d8bf6c2c: ;   {optimized virtual_call}
  0x000002a1d8bf6c2c: 1f40 00e8 

  0x000002a1d8bf6c30: ; ImmutableOopMap {[160]=Oop }
                      ;*invokevirtual postDefineClass {reexecute=0 rethrow=0 return_oop=0}
                      ; - java.lang.ClassLoader::defineClass@37
  0x000002a1d8bf6c30: ec40 eeff 

  0x000002a1d8bf6c34: ;   {other}
  0x000002a1d8bf6c34: 0f1f 8400 | a405 0003 | 488b 8424 | a000 0000 | 4881 c4b0 | 0000 005d 

  0x000002a1d8bf6c4c: ;   {poll_return}
  0x000002a1d8bf6c4c: 493b a750 | 0400 000f | 8799 0000 

  0x000002a1d8bf6c58: ;   {metadata({method} {0x000002a180434fb8} 'defineClass' '(Ljava/lang/String;[BIILjava/security/ProtectionDomain;)Ljava/lang/Class;' in 'java/lang/ClassLoader')}
  0x000002a1d8bf6c58: 00c3 49ba | b04f 4380 | a102 0000 | 4c89 5424 | 0848 c704 | 24ff ffff 

  0x000002a1d8bf6c70: ;   {runtime_call counter_overflow Runtime1 stub}
  0x000002a1d8bf6c70: ffe8 8ac2 

  0x000002a1d8bf6c74: ; ImmutableOopMap {rdx=Oop r8=Oop r9=Oop rcx=Oop [120]=Oop }
                      ;*synchronization entry
                      ; - java.lang.ClassLoader::defineClass@-1
  0x000002a1d8bf6c74: 3607 e98f 

  0x000002a1d8bf6c78: ;   {metadata({method} {0x000002a180434ca0} 'defineClassSourceLocation' '(Ljava/security/ProtectionDomain;)Ljava/lang/String;' in 'java/lang/ClassLoader')}
  0x000002a1d8bf6c78: fcff ff49 | ba98 4c43 | 80a1 0200 | 004c 8954 | 2408 48c7 | 0424 ffff 

  0x000002a1d8bf6c90: ;   {runtime_call counter_overflow Runtime1 stub}
  0x000002a1d8bf6c90: ffff e869 

  0x000002a1d8bf6c94: ; ImmutableOopMap {rax=Oop [120]=Oop [128]=Oop [136]=Oop [152]=Oop }
                      ;*synchronization entry
                      ; - java.lang.ClassLoader::defineClassSourceLocation@-1
                      ; - java.lang.ClassLoader::defineClass@12
  0x000002a1d8bf6c94: c236 07e9 | 08fd ffff 

  0x000002a1d8bf6c9c: ;   {runtime_call throw_null_pointer_exception Runtime1 stub}
  0x000002a1d8bf6c9c: e85f 6136 

  0x000002a1d8bf6ca0: ; ImmutableOopMap {rax=Oop [120]=Oop [128]=Oop [136]=Oop [152]=Oop }
                      ;*invokevirtual getCodeSource {reexecute=0 rethrow=0 return_oop=0}
                      ; - java.lang.ClassLoader::defineClassSourceLocation@1
                      ; - java.lang.ClassLoader::defineClass@12
                      ;   {runtime_call throw_null_pointer_exception Runtime1 stub}
  0x000002a1d8bf6ca0: 07e8 5a61 

  0x000002a1d8bf6ca4: ; ImmutableOopMap {rax=Oop r8=Oop [120]=Oop [128]=Oop [136]=Oop [152]=Oop }
                      ;*invokevirtual getLocation {reexecute=0 rethrow=0 return_oop=0}
                      ; - java.lang.ClassLoader::defineClassSourceLocation@12
                      ; - java.lang.ClassLoader::defineClass@12
                      ;   {runtime_call throw_null_pointer_exception Runtime1 stub}
  0x000002a1d8bf6ca4: 3607 e855 

  0x000002a1d8bf6ca8: ; ImmutableOopMap {rdx=Oop [120]=Oop [128]=Oop [136]=Oop [152]=Oop }
                      ;*invokevirtual toString {reexecute=0 rethrow=0 return_oop=0}
                      ; - java.lang.ClassLoader::defineClassSourceLocation@22
                      ; - java.lang.ClassLoader::defineClass@12
                      ;   {metadata({method} {0x000002a18001abf0} 'toString' '()Ljava/lang/String;' in 'java/net/URL')}
  0x000002a1d8bf6ca8: 6136 0749 | bae8 ab01 | 80a1 0200 | 004c 8954 | 2408 48c7 | 0424 ffff 

  0x000002a1d8bf6cc0: ;   {runtime_call counter_overflow Runtime1 stub}
  0x000002a1d8bf6cc0: ffff e839 

  0x000002a1d8bf6cc4: ; ImmutableOopMap {rdx=Oop [120]=Oop [128]=Oop [136]=Oop [152]=Oop }
                      ;*synchronization entry
                      ; - java.net.URL::toString@-1
                      ; - java.lang.ClassLoader::defineClassSourceLocation@22
                      ; - java.lang.ClassLoader::defineClass@12
  0x000002a1d8bf6cc4: c236 07e9 | dffd ffff 

  0x000002a1d8bf6ccc: ;   {metadata({method} {0x000002a180428840} 'toExternalForm' '()Ljava/lang/String;' in 'java/net/URL')}
  0x000002a1d8bf6ccc: 49ba 3888 | 4280 a102 | 0000 4c89 | 5424 0848 | c704 24ff 

  0x000002a1d8bf6ce0: ;   {runtime_call counter_overflow Runtime1 stub}
  0x000002a1d8bf6ce0: ffff ffe8 

  0x000002a1d8bf6ce4: ; ImmutableOopMap {rdx=Oop [120]=Oop [128]=Oop [136]=Oop [152]=Oop }
                      ;*synchronization entry
                      ; - java.net.URL::toExternalForm@-1
                      ; - java.net.URL::toString@1
                      ; - java.lang.ClassLoader::defineClassSourceLocation@22
                      ; - java.lang.ClassLoader::defineClass@12
  0x000002a1d8bf6ce4: 18c2 3607 | e9fc fdff 

  0x000002a1d8bf6cec: ;   {runtime_call throw_null_pointer_exception Runtime1 stub}
  0x000002a1d8bf6cec: ffe8 0e61 

  0x000002a1d8bf6cf0: ; ImmutableOopMap {rdx=Oop rsi=Oop [120]=Oop [128]=Oop [136]=Oop [152]=Oop }
                      ;*invokevirtual toExternalForm {reexecute=0 rethrow=0 return_oop=0}
                      ; - java.net.URL::toExternalForm@5
                      ; - java.net.URL::toString@1
                      ; - java.lang.ClassLoader::defineClassSourceLocation@22
                      ; - java.lang.ClassLoader::defineClass@12
                      ;   {internal_word}
  0x000002a1d8bf6cf0: 3607 49ba | 4c6c bfd8 | a102 0000 | 4d89 9768 

  0x000002a1d8bf6d00: ;   {runtime_call SafepointBlob}
  0x000002a1d8bf6d00: 0400 00e9 | 78e7 2a07 | 498b 8700 | 0500 0049 | c787 0005 | 0000 0000 | 0000 49c7 | 8708 0500 
  0x000002a1d8bf6d20: 0000 0000 | 0048 81c4 | b000 0000 

  0x000002a1d8bf6d2c: ;   {runtime_call unwind_exception Runtime1 stub}
  0x000002a1d8bf6d2c: 5de9 ce51 | 3607 f4f4 | f4f4 f4f4 
[Stub Code]
  0x000002a1d8bf6d38: ;   {no_reloc}
  0x000002a1d8bf6d38: 0f1f 4400 

  0x000002a1d8bf6d3c: ;   {static_stub}
  0x000002a1d8bf6d3c: 0048 bb00 | 0000 0000 

  0x000002a1d8bf6d44: ;   {runtime_call nmethod}
  0x000002a1d8bf6d44: 0000 00e9 | fbff ffff 

  0x000002a1d8bf6d4c: ;   {static_stub}
  0x000002a1d8bf6d4c: 48bb f04c | 4380 a102 

  0x000002a1d8bf6d54: ;   {runtime_call I2C/C2I adapters}
  0x000002a1d8bf6d54: 0000 e910 

  0x000002a1d8bf6d58: ;   {static_stub}
  0x000002a1d8bf6d58: 412a 0748 | bb00 0000 | 0000 0000 

  0x000002a1d8bf6d64: ;   {runtime_call nmethod}
  0x000002a1d8bf6d64: 00e9 fbff 

  0x000002a1d8bf6d68: ;   {static_stub}
  0x000002a1d8bf6d68: ffff 48bb | 0000 0000 | 0000 0000 

  0x000002a1d8bf6d74: ;   {runtime_call nmethod}
  0x000002a1d8bf6d74: e9fb ffff 

  0x000002a1d8bf6d78: ;   {runtime_call handle_exception_from_callee Runtime1 stub}
  0x000002a1d8bf6d78: ffe8 827e 

  0x000002a1d8bf6d7c: ;   {external_word}
  0x000002a1d8bf6d7c: 3607 48b9 | 5063 a002 | f97f 0000 | 4883 e4f0 

  0x000002a1d8bf6d8c: ;   {runtime_call}
  0x000002a1d8bf6d8c: 48b8 c0c9 | 6202 f97f | 0000 ffd0 

  0x000002a1d8bf6d98: ;   {section_word}
  0x000002a1d8bf6d98: f449 ba99 | 6dbf d8a1 | 0200 0041 

  0x000002a1d8bf6da4: ;   {runtime_call DeoptimizationBlob}
  0x000002a1d8bf6da4: 52e9 76d9 | 2a07 f4f4 | f4f4 f4f4 
[/MachCode]


Compiled method (c1) 6985 1116       3       java.security.SecureClassLoader::defineClass (16 bytes)
 total in heap  [0x000002a1d8afbd10,0x000002a1d8afc110] = 1024
 relocation     [0x000002a1d8afbe70,0x000002a1d8afbec0] = 80
 main code      [0x000002a1d8afbec0,0x000002a1d8afc018] = 344
 stub code      [0x000002a1d8afc018,0x000002a1d8afc068] = 80
 metadata       [0x000002a1d8afc068,0x000002a1d8afc070] = 8
 scopes data    [0x000002a1d8afc070,0x000002a1d8afc0b8] = 72
 scopes pcs     [0x000002a1d8afc0b8,0x000002a1d8afc108] = 80
 dependencies   [0x000002a1d8afc108,0x000002a1d8afc110] = 8

[Constant Pool (empty)]

[MachCode]
[Entry Point]
  # {method} {0x000002a18004e0e8} 'defineClass' '(Ljava/lang/String;[BIILjava/security/CodeSource;)Ljava/lang/Class;' in 'java/security/SecureClassLoader'
  # this:     rdx:rdx   = 'java/security/SecureClassLoader'
  # parm0:    r8:r8     = 'java/lang/String'
  # parm1:    r9:r9     = '[B'
  # parm2:    rdi       = int
  # parm3:    rsi       = int
  # parm4:    rcx:rcx   = 'java/security/CodeSource'
  #           [sp+0x80]  (sp of caller)
  0x000002a1d8afbec0: 448b 5208 | 49bb 0000 | 0080 a102 | 0000 4d03 | d34c 3bd0 

  0x000002a1d8afbed4: ;   {runtime_call ic_miss_stub}
  0x000002a1d8afbed4: 0f85 a628 | 3a07 660f | 1f44 0000 
[Verified Entry Point]
  0x000002a1d8afbee0: 8984 2400 | 80ff ff55 | 4883 ec70 | 4181 7f20 | 0100 0000 

  0x000002a1d8afbef4: ;   {runtime_call StubRoutines (final stubs)}
  0x000002a1d8afbef4: 7405 e8a5 

  0x000002a1d8afbef8: ;   {metadata(method data for {method} {0x000002a18004e0e8} 'defineClass' '(Ljava/lang/String;[BIILjava/security/CodeSource;)Ljava/lang/Class;' in 'java/security/SecureClassLoader')}
  0x000002a1d8afbef8: a538 0748 | bbe0 7317 | eea1 0200 | 008b 83cc | 0000 0083 | c002 8983 | cc00 0000 | 25fe 0700 
  0x000002a1d8afbf18: 0085 c00f | 8496 0000 | 0089 7424 | 5c89 7c24 | 584c 894c | 2450 4c89 | 4424 4848 

  0x000002a1d8afbf34: ;   {metadata(method data for {method} {0x000002a18004e0e8} 'defineClass' '(Ljava/lang/String;[BIILjava/security/CodeSource;)Ljava/lang/Class;' in 'java/security/SecureClassLoader')}
  0x000002a1d8afbf34: 8bda 48b8 | e073 17ee | a102 0000 | 4883 8010 | 0100 0001 | 4c8b c148 | 8bc2 488b | d048 8944 
  0x000002a1d8afbf54: ;   {optimized virtual_call}
  0x000002a1d8afbf54: 2440 90e8 

  0x000002a1d8afbf58: ; ImmutableOopMap {[64]=Oop [72]=Oop [80]=Oop }
                      ;*invokevirtual getProtectionDomain {reexecute=0 rethrow=0 return_oop=0}
                      ; - java.security.SecureClassLoader::defineClass@9
  0x000002a1d8afbf58: c49e 0f00 

  0x000002a1d8afbf5c: ;   {other}
  0x000002a1d8afbf5c: 0f1f 8400 | 4c02 0000 | 488b 5424 

  0x000002a1d8afbf68: ;   {metadata(method data for {method} {0x000002a18004e0e8} 'defineClass' '(Ljava/lang/String;[BIILjava/security/CodeSource;)Ljava/lang/Class;' in 'java/security/SecureClassLoader')}
  0x000002a1d8afbf68: 4049 b8e0 | 7317 eea1 | 0200 0049 | 8380 4801 | 0000 014c | 8b44 2448 | 4c8b 4c24 | 508b 7c24 
  0x000002a1d8afbf88: 588b 7424 | 5c48 8bc8 | 488b 5424 

  0x000002a1d8afbf94: ;   {optimized virtual_call}
  0x000002a1d8afbf94: 4066 90e8 

  0x000002a1d8afbf98: ; ImmutableOopMap {}
                      ;*invokevirtual defineClass {reexecute=0 rethrow=0 return_oop=0}
                      ; - java.security.SecureClassLoader::defineClass@12
  0x000002a1d8afbf98: 24a9 0f00 

  0x000002a1d8afbf9c: ;   {other}
  0x000002a1d8afbf9c: 0f1f 8400 | 8c02 0001 | 4883 c470 

  0x000002a1d8afbfa8: ;   {poll_return}
  0x000002a1d8afbfa8: 5d49 3ba7 | 5004 0000 | 0f87 2200 

  0x000002a1d8afbfb4: ;   {metadata({method} {0x000002a18004e0e8} 'defineClass' '(Ljava/lang/String;[BIILjava/security/CodeSource;)Ljava/lang/Class;' in 'java/security/SecureClassLoader')}
  0x000002a1d8afbfb4: 0000 c349 | bae0 e004 | 80a1 0200 | 004c 8954 | 2408 48c7 | 0424 ffff 

  0x000002a1d8afbfcc: ;   {runtime_call counter_overflow Runtime1 stub}
  0x000002a1d8afbfcc: ffff e82d 

  0x000002a1d8afbfd0: ; ImmutableOopMap {rdx=Oop r8=Oop r9=Oop rcx=Oop }
                      ;*synchronization entry
                      ; - java.security.SecureClassLoader::defineClass@-1
  0x000002a1d8afbfd0: 6f46 07e9 | 49ff ffff 

  0x000002a1d8afbfd8: ;   {internal_word}
  0x000002a1d8afbfd8: 49ba a9bf | afd8 a102 | 0000 4d89 | 9768 0400 

  0x000002a1d8afbfe8: ;   {runtime_call SafepointBlob}
  0x000002a1d8afbfe8: 00e9 9294 | 3a07 498b | 8700 0500 | 0049 c787 | 0005 0000 | 0000 0000 | 49c7 8708 | 0500 0000 
  0x000002a1d8afc008: 0000 0048 | 83c4 705d 

  0x000002a1d8afc010: ;   {runtime_call unwind_exception Runtime1 stub}
  0x000002a1d8afc010: e9eb fe45 | 07f4 f4f4 
[Stub Code]
  0x000002a1d8afc018: ;   {no_reloc}
  0x000002a1d8afc018: 48bb 30e0 | 0480 a102 

  0x000002a1d8afc020: ;   {runtime_call I2C/C2I adapters}
  0x000002a1d8afc020: 0000 e9c0 

  0x000002a1d8afc024: ;   {static_stub}
  0x000002a1d8afc024: 7f3a 0748 | bbb0 4f43 | 80a1 0200 

  0x000002a1d8afc030: ;   {runtime_call I2C/C2I adapters}
  0x000002a1d8afc030: 00e9 bf65 

  0x000002a1d8afc034: ;   {runtime_call handle_exception_from_callee Runtime1 stub}
  0x000002a1d8afc034: 3907 e8c5 

  0x000002a1d8afc038: ;   {external_word}
  0x000002a1d8afc038: 2b46 0748 | b950 63a0 | 02f9 7f00 | 0048 83e4 

  0x000002a1d8afc048: ;   {runtime_call}
  0x000002a1d8afc048: f048 b8c0 | c962 02f9 | 7f00 00ff 

  0x000002a1d8afc054: ;   {section_word}
  0x000002a1d8afc054: d0f4 49ba | 56c0 afd8 | a102 0000 

  0x000002a1d8afc060: ;   {runtime_call DeoptimizationBlob}
  0x000002a1d8afc060: 4152 e9b9 | 863a 07f4 
[/MachCode]


---------------  P R O C E S S  ---------------

Threads class SMR info:
_java_thread_list=0x000002a1ed3d9a80, length=24, elements={
0x000002a1d5727400, 0x000002a1ed2c8660, 0x000002a1ed2c91c0, 0x000002a1ed2cfa90,
0x000002a1ed2d0750, 0x000002a1ed2d3870, 0x000002a1ed302940, 0x000002a1ed307930,
0x000002a1ed309350, 0x000002a1ed577dd0, 0x000002a1ed610970, 0x000002a1f2fd7c90,
0x000002a1f2ec87f0, 0x000002a1f2edc900, 0x000002a1f3052060, 0x000002a1f3044460,
0x000002a1f30ab470, 0x000002a1f30c38f0, 0x000002a1f30c2bd0, 0x000002a1f30c1eb0,
0x000002a1f30c0470, 0x000002a1f30c1820, 0x000002a1f30c2540, 0x000002a1f30c3260
}

Java Threads: ( => current thread )
  0x000002a1d5727400 JavaThread "main"                              [_thread_blocked, id=34596, stack(0x000000af17900000,0x000000af17a00000) (1024K)]
  0x000002a1ed2c8660 JavaThread "Reference Handler"          daemon [_thread_blocked, id=31736, stack(0x000000af18100000,0x000000af18200000) (1024K)]
  0x000002a1ed2c91c0 JavaThread "Finalizer"                  daemon [_thread_blocked, id=31000, stack(0x000000af18200000,0x000000af18300000) (1024K)]
  0x000002a1ed2cfa90 JavaThread "Signal Dispatcher"          daemon [_thread_blocked, id=31888, stack(0x000000af18300000,0x000000af18400000) (1024K)]
  0x000002a1ed2d0750 JavaThread "Attach Listener"            daemon [_thread_blocked, id=30132, stack(0x000000af18400000,0x000000af18500000) (1024K)]
  0x000002a1ed2d3870 JavaThread "Service Thread"             daemon [_thread_blocked, id=12228, stack(0x000000af18500000,0x000000af18600000) (1024K)]
  0x000002a1ed302940 JavaThread "Monitor Deflation Thread"   daemon [_thread_blocked, id=18352, stack(0x000000af18600000,0x000000af18700000) (1024K)]
  0x000002a1ed307930 JavaThread "C2 CompilerThread0"         daemon [_thread_in_native, id=27212, stack(0x000000af18700000,0x000000af18800000) (1024K)]
  0x000002a1ed309350 JavaThread "C1 CompilerThread0"         daemon [_thread_blocked, id=18664, stack(0x000000af18800000,0x000000af18900000) (1024K)]
  0x000002a1ed577dd0 JavaThread "Common-Cleaner"             daemon [_thread_blocked, id=29004, stack(0x000000af18900000,0x000000af18a00000) (1024K)]
  0x000002a1ed610970 JavaThread "Notification Thread"        daemon [_thread_blocked, id=27644, stack(0x000000af18a00000,0x000000af18b00000) (1024K)]
  0x000002a1f2fd7c90 JavaThread "Daemon health stats"               [_thread_blocked, id=35372, stack(0x000000af19100000,0x000000af19200000) (1024K)]
  0x000002a1f2ec87f0 JavaThread "Incoming local TCP Connector on port 59898"        [_thread_in_native, id=24932, stack(0x000000af19200000,0x000000af19300000) (1024K)]
  0x000002a1f2edc900 JavaThread "Daemon periodic checks"            [_thread_blocked, id=29028, stack(0x000000af19300000,0x000000af19400000) (1024K)]
  0x000002a1f3052060 JavaThread "Daemon"                            [_thread_blocked, id=16860, stack(0x000000af19400000,0x000000af19500000) (1024K)]
  0x000002a1f3044460 JavaThread "Handler for socket connection from /127.0.0.1:59898 to /127.0.0.1:59899"        [_thread_in_native, id=18340, stack(0x000000af19500000,0x000000af19600000) (1024K)]
  0x000002a1f30ab470 JavaThread "Cancel handler"                    [_thread_blocked, id=18296, stack(0x000000af19600000,0x000000af19700000) (1024K)]
=>0x000002a1f30c38f0 JavaThread "Daemon worker"                     [_thread_in_vm, id=35348, stack(0x000000af19700000,0x000000af19800000) (1024K)]
  0x000002a1f30c2bd0 JavaThread "Asynchronous log dispatcher for DefaultDaemonConnection: socket connection from /127.0.0.1:59898 to /127.0.0.1:59899"        [_thread_blocked, id=5644, stack(0x000000af19800000,0x000000af19900000) (1024K)]
  0x000002a1f30c1eb0 JavaThread "Stdin handler"                     [_thread_blocked, id=30384, stack(0x000000af19900000,0x000000af19a00000) (1024K)]
  0x000002a1f30c0470 JavaThread "Daemon client event forwarder"        [_thread_blocked, id=10520, stack(0x000000af19a00000,0x000000af19b00000) (1024K)]
  0x000002a1f30c1820 JavaThread "Cache worker for journal cache (C:\Users\Ponglang\.gradle\caches\journal-1)"        [_thread_blocked, id=12772, stack(0x000000af19b00000,0x000000af19c00000) (1024K)]
  0x000002a1f30c2540 JavaThread "File lock request listener"        [_thread_in_native, id=35828, stack(0x000000af19c00000,0x000000af19d00000) (1024K)]
  0x000002a1f30c3260 JavaThread "Cache worker for file hash cache (C:\Users\Ponglang\.gradle\caches\8.11.1\fileHashes)"        [_thread_blocked, id=29312, stack(0x000000af19d00000,0x000000af19e00000) (1024K)]
Total: 24

Other Threads:
  0x000002a1ed2ab060 VMThread "VM Thread"                           [id=11024, stack(0x000000af18000000,0x000000af18100000) (1024K)]
  0x000002a1ed3910a0 WatcherThread "VM Periodic Task Thread"        [id=34504, stack(0x000000af17f00000,0x000000af18000000) (1024K)]
  0x000002a1d331e010 WorkerThread "GC Thread#0"                     [id=31724, stack(0x000000af17a00000,0x000000af17b00000) (1024K)]
  0x000002a1ed7d5ef0 WorkerThread "GC Thread#1"                     [id=25880, stack(0x000000af18b00000,0x000000af18c00000) (1024K)]
  0x000002a1eda88fe0 WorkerThread "GC Thread#2"                     [id=36660, stack(0x000000af18c00000,0x000000af18d00000) (1024K)]
  0x000002a1ed9fe000 WorkerThread "GC Thread#3"                     [id=36216, stack(0x000000af18d00000,0x000000af18e00000) (1024K)]
  0x000002a1ed9fe7c0 WorkerThread "GC Thread#4"                     [id=35608, stack(0x000000af18e00000,0x000000af18f00000) (1024K)]
  0x000002a1ed9feb70 WorkerThread "GC Thread#5"                     [id=36688, stack(0x000000af18f00000,0x000000af19000000) (1024K)]
  0x000002a1f2f4a7f0 WorkerThread "GC Thread#6"                     [id=5600, stack(0x000000af19000000,0x000000af19100000) (1024K)]
  0x000002a1d578d820 ConcurrentGCThread "G1 Main Marker"            [id=35860, stack(0x000000af17b00000,0x000000af17c00000) (1024K)]
  0x000002a1d578f0c0 WorkerThread "G1 Conc#0"                       [id=32452, stack(0x000000af17c00000,0x000000af17d00000) (1024K)]
  0x000002a1ed1f2730 ConcurrentGCThread "G1 Refine#0"               [id=33316, stack(0x000000af17d00000,0x000000af17e00000) (1024K)]
  0x000002a1ed1f4070 ConcurrentGCThread "G1 Service"                [id=16060, stack(0x000000af17e00000,0x000000af17f00000) (1024K)]
Total: 13

Threads with active compile tasks:
C2 CompilerThread0  6991 2686   !   4       java.lang.ClassLoader::loadClass (121 bytes)
Total: 1

VM state: not at safepoint (normal execution)

VM Mutex/Monitor currently owned by a thread:  ([mutex/lock_event])
[0x00007ff902cbd530] Metaspace_lock - owner thread: 0x000002a1f30c38f0

Heap address: 0x0000000080000000, size: 2048 MB, Compressed Oops mode: 32-bit

CDS archive(s) mapped at: [0x000002a180000000-0x000002a180ba0000-0x000002a180ba0000), size 12189696, SharedBaseAddress: 0x000002a180000000, ArchiveRelocationMode: 1.
Compressed class space mapped at: 0x000002a181000000-0x000002a1c1000000, reserved size: 1073741824
Narrow klass base: 0x000002a180000000, Narrow klass shift: 0, Narrow klass range: 0x100000000

GC Precious Log:
 CardTable entry size: 512
 Card Set container configuration: InlinePtr #cards 5 size 8 Array Of Cards #cards 12 size 40 Howl #buckets 4 coarsen threshold 1843 Howl Bitmap #cards 512 size 80 coarsen threshold 460 Card regions per heap region 1 cards per card region 2048
 CPUs: 12 total, 12 available
 Memory: 16057M
 Large Page Support: Disabled
 NUMA Support: Disabled
 Compressed Oops: Enabled (32-bit)
 Heap Region Size: 1M
 Heap Min Capacity: 8M
 Heap Initial Capacity: 252M
 Heap Max Capacity: 2G
 Pre-touch: Disabled
 Parallel Workers: 10
 Concurrent Workers: 3
 Concurrent Refinement Workers: 10
 Periodic GC: Disabled

Heap:
 garbage-first heap   total 258048K, used 71318K [0x0000000080000000, 0x0000000100000000)
  region size 1024K, 61 young (62464K), 7 survivors (7168K)
 Metaspace       used 16457K, committed 16960K, reserved 1114112K
  class space    used 2329K, committed 2560K, reserved 1048576K

Heap Regions: E=young(eden), S=young(survivor), O=old, HS=humongous(starts), HC=humongous(continues), CS=collection set, F=free, TAMS=top-at-mark-start, PB=parsable bottom
|   0|0x0000000080000000, 0x0000000080100000, 0x0000000080100000|100%|HS|  |TAMS 0x0000000080000000| PB 0x0000000080000000| Complete 
|   1|0x0000000080100000, 0x0000000080200000, 0x0000000080200000|100%|HC|  |TAMS 0x0000000080100000| PB 0x0000000080100000| Complete 
|   2|0x0000000080200000, 0x0000000080300000, 0x0000000080300000|100%|HC|  |TAMS 0x0000000080200000| PB 0x0000000080200000| Complete 
|   3|0x0000000080300000, 0x0000000080400000, 0x0000000080400000|100%| O|  |TAMS 0x0000000080300000| PB 0x0000000080300000| Untracked 
|   4|0x0000000080400000, 0x0000000080500000, 0x0000000080500000|100%| O|  |TAMS 0x0000000080400000| PB 0x0000000080400000| Untracked 
|   5|0x0000000080500000, 0x0000000080600000, 0x0000000080600000|100%| O|  |TAMS 0x0000000080500000| PB 0x0000000080500000| Untracked 
|   6|0x0000000080600000, 0x0000000080700000, 0x0000000080700000|100%|HS|  |TAMS 0x0000000080600000| PB 0x0000000080600000| Complete 
|   7|0x0000000080700000, 0x0000000080700000, 0x0000000080800000|  0%| F|  |TAMS 0x0000000080700000| PB 0x0000000080700000| Untracked 
|   8|0x0000000080800000, 0x0000000080900000, 0x0000000080900000|100%| O|  |TAMS 0x0000000080800000| PB 0x0000000080800000| Untracked 
|   9|0x0000000080900000, 0x0000000080a00000, 0x0000000080a00000|100%| O|  |TAMS 0x0000000080900000| PB 0x0000000080900000| Untracked 
|  10|0x0000000080a00000, 0x0000000080aa5978, 0x0000000080b00000| 64%| O|  |TAMS 0x0000000080a00000| PB 0x0000000080a00000| Untracked 
|  11|0x0000000080b00000, 0x0000000080b00000, 0x0000000080c00000|  0%| F|  |TAMS 0x0000000080b00000| PB 0x0000000080b00000| Untracked 
|  12|0x0000000080c00000, 0x0000000080c00000, 0x0000000080d00000|  0%| F|  |TAMS 0x0000000080c00000| PB 0x0000000080c00000| Untracked 
|  13|0x0000000080d00000, 0x0000000080d00000, 0x0000000080e00000|  0%| F|  |TAMS 0x0000000080d00000| PB 0x0000000080d00000| Untracked 
|  14|0x0000000080e00000, 0x0000000080e00000, 0x0000000080f00000|  0%| F|  |TAMS 0x0000000080e00000| PB 0x0000000080e00000| Untracked 
|  15|0x0000000080f00000, 0x0000000080f00000, 0x0000000081000000|  0%| F|  |TAMS 0x0000000080f00000| PB 0x0000000080f00000| Untracked 
|  16|0x0000000081000000, 0x0000000081000000, 0x0000000081100000|  0%| F|  |TAMS 0x0000000081000000| PB 0x0000000081000000| Untracked 
|  17|0x0000000081100000, 0x0000000081100000, 0x0000000081200000|  0%| F|  |TAMS 0x0000000081100000| PB 0x0000000081100000| Untracked 
|  18|0x0000000081200000, 0x0000000081200000, 0x0000000081300000|  0%| F|  |TAMS 0x0000000081200000| PB 0x0000000081200000| Untracked 
|  19|0x0000000081300000, 0x0000000081300000, 0x0000000081400000|  0%| F|  |TAMS 0x0000000081300000| PB 0x0000000081300000| Untracked 
|  20|0x0000000081400000, 0x0000000081400000, 0x0000000081500000|  0%| F|  |TAMS 0x0000000081400000| PB 0x0000000081400000| Untracked 
|  21|0x0000000081500000, 0x0000000081500000, 0x0000000081600000|  0%| F|  |TAMS 0x0000000081500000| PB 0x0000000081500000| Untracked 
|  22|0x0000000081600000, 0x0000000081600000, 0x0000000081700000|  0%| F|  |TAMS 0x0000000081600000| PB 0x0000000081600000| Untracked 
|  23|0x0000000081700000, 0x0000000081700000, 0x0000000081800000|  0%| F|  |TAMS 0x0000000081700000| PB 0x0000000081700000| Untracked 
|  24|0x0000000081800000, 0x0000000081800000, 0x0000000081900000|  0%| F|  |TAMS 0x0000000081800000| PB 0x0000000081800000| Untracked 
|  25|0x0000000081900000, 0x0000000081900000, 0x0000000081a00000|  0%| F|  |TAMS 0x0000000081900000| PB 0x0000000081900000| Untracked 
|  26|0x0000000081a00000, 0x0000000081a00000, 0x0000000081b00000|  0%| F|  |TAMS 0x0000000081a00000| PB 0x0000000081a00000| Untracked 
|  27|0x0000000081b00000, 0x0000000081b00000, 0x0000000081c00000|  0%| F|  |TAMS 0x0000000081b00000| PB 0x0000000081b00000| Untracked 
|  28|0x0000000081c00000, 0x0000000081c00000, 0x0000000081d00000|  0%| F|  |TAMS 0x0000000081c00000| PB 0x0000000081c00000| Untracked 
|  29|0x0000000081d00000, 0x0000000081d00000, 0x0000000081e00000|  0%| F|  |TAMS 0x0000000081d00000| PB 0x0000000081d00000| Untracked 
|  30|0x0000000081e00000, 0x0000000081e00000, 0x0000000081f00000|  0%| F|  |TAMS 0x0000000081e00000| PB 0x0000000081e00000| Untracked 
|  31|0x0000000081f00000, 0x0000000081f00000, 0x0000000082000000|  0%| F|  |TAMS 0x0000000081f00000| PB 0x0000000081f00000| Untracked 
|  32|0x0000000082000000, 0x0000000082000000, 0x0000000082100000|  0%| F|  |TAMS 0x0000000082000000| PB 0x0000000082000000| Untracked 
|  33|0x0000000082100000, 0x0000000082100000, 0x0000000082200000|  0%| F|  |TAMS 0x0000000082100000| PB 0x0000000082100000| Untracked 
|  34|0x0000000082200000, 0x0000000082200000, 0x0000000082300000|  0%| F|  |TAMS 0x0000000082200000| PB 0x0000000082200000| Untracked 
|  35|0x0000000082300000, 0x0000000082300000, 0x0000000082400000|  0%| F|  |TAMS 0x0000000082300000| PB 0x0000000082300000| Untracked 
|  36|0x0000000082400000, 0x0000000082400000, 0x0000000082500000|  0%| F|  |TAMS 0x0000000082400000| PB 0x0000000082400000| Untracked 
|  37|0x0000000082500000, 0x0000000082500000, 0x0000000082600000|  0%| F|  |TAMS 0x0000000082500000| PB 0x0000000082500000| Untracked 
|  38|0x0000000082600000, 0x0000000082600000, 0x0000000082700000|  0%| F|  |TAMS 0x0000000082600000| PB 0x0000000082600000| Untracked 
|  39|0x0000000082700000, 0x0000000082700000, 0x0000000082800000|  0%| F|  |TAMS 0x0000000082700000| PB 0x0000000082700000| Untracked 
|  40|0x0000000082800000, 0x0000000082800000, 0x0000000082900000|  0%| F|  |TAMS 0x0000000082800000| PB 0x0000000082800000| Untracked 
|  41|0x0000000082900000, 0x0000000082900000, 0x0000000082a00000|  0%| F|  |TAMS 0x0000000082900000| PB 0x0000000082900000| Untracked 
|  42|0x0000000082a00000, 0x0000000082a00000, 0x0000000082b00000|  0%| F|  |TAMS 0x0000000082a00000| PB 0x0000000082a00000| Untracked 
|  43|0x0000000082b00000, 0x0000000082b00000, 0x0000000082c00000|  0%| F|  |TAMS 0x0000000082b00000| PB 0x0000000082b00000| Untracked 
|  44|0x0000000082c00000, 0x0000000082c00000, 0x0000000082d00000|  0%| F|  |TAMS 0x0000000082c00000| PB 0x0000000082c00000| Untracked 
|  45|0x0000000082d00000, 0x0000000082d00000, 0x0000000082e00000|  0%| F|  |TAMS 0x0000000082d00000| PB 0x0000000082d00000| Untracked 
|  46|0x0000000082e00000, 0x0000000082e00000, 0x0000000082f00000|  0%| F|  |TAMS 0x0000000082e00000| PB 0x0000000082e00000| Untracked 
|  47|0x0000000082f00000, 0x0000000082f00000, 0x0000000083000000|  0%| F|  |TAMS 0x0000000082f00000| PB 0x0000000082f00000| Untracked 
|  48|0x0000000083000000, 0x0000000083000000, 0x0000000083100000|  0%| F|  |TAMS 0x0000000083000000| PB 0x0000000083000000| Untracked 
|  49|0x0000000083100000, 0x0000000083100000, 0x0000000083200000|  0%| F|  |TAMS 0x0000000083100000| PB 0x0000000083100000| Untracked 
|  50|0x0000000083200000, 0x0000000083200000, 0x0000000083300000|  0%| F|  |TAMS 0x0000000083200000| PB 0x0000000083200000| Untracked 
|  51|0x0000000083300000, 0x0000000083300000, 0x0000000083400000|  0%| F|  |TAMS 0x0000000083300000| PB 0x0000000083300000| Untracked 
|  52|0x0000000083400000, 0x0000000083400000, 0x0000000083500000|  0%| F|  |TAMS 0x0000000083400000| PB 0x0000000083400000| Untracked 
|  53|0x0000000083500000, 0x0000000083500000, 0x0000000083600000|  0%| F|  |TAMS 0x0000000083500000| PB 0x0000000083500000| Untracked 
|  54|0x0000000083600000, 0x0000000083600000, 0x0000000083700000|  0%| F|  |TAMS 0x0000000083600000| PB 0x0000000083600000| Untracked 
|  55|0x0000000083700000, 0x0000000083700000, 0x0000000083800000|  0%| F|  |TAMS 0x0000000083700000| PB 0x0000000083700000| Untracked 
|  56|0x0000000083800000, 0x0000000083800000, 0x0000000083900000|  0%| F|  |TAMS 0x0000000083800000| PB 0x0000000083800000| Untracked 
|  57|0x0000000083900000, 0x0000000083900000, 0x0000000083a00000|  0%| F|  |TAMS 0x0000000083900000| PB 0x0000000083900000| Untracked 
|  58|0x0000000083a00000, 0x0000000083a00000, 0x0000000083b00000|  0%| F|  |TAMS 0x0000000083a00000| PB 0x0000000083a00000| Untracked 
|  59|0x0000000083b00000, 0x0000000083b00000, 0x0000000083c00000|  0%| F|  |TAMS 0x0000000083b00000| PB 0x0000000083b00000| Untracked 
|  60|0x0000000083c00000, 0x0000000083c00000, 0x0000000083d00000|  0%| F|  |TAMS 0x0000000083c00000| PB 0x0000000083c00000| Untracked 
|  61|0x0000000083d00000, 0x0000000083d00000, 0x0000000083e00000|  0%| F|  |TAMS 0x0000000083d00000| PB 0x0000000083d00000| Untracked 
|  62|0x0000000083e00000, 0x0000000083e00000, 0x0000000083f00000|  0%| F|  |TAMS 0x0000000083e00000| PB 0x0000000083e00000| Untracked 
|  63|0x0000000083f00000, 0x0000000083f00000, 0x0000000084000000|  0%| F|  |TAMS 0x0000000083f00000| PB 0x0000000083f00000| Untracked 
|  64|0x0000000084000000, 0x0000000084000000, 0x0000000084100000|  0%| F|  |TAMS 0x0000000084000000| PB 0x0000000084000000| Untracked 
|  65|0x0000000084100000, 0x0000000084100000, 0x0000000084200000|  0%| F|  |TAMS 0x0000000084100000| PB 0x0000000084100000| Untracked 
|  66|0x0000000084200000, 0x0000000084200000, 0x0000000084300000|  0%| F|  |TAMS 0x0000000084200000| PB 0x0000000084200000| Untracked 
|  67|0x0000000084300000, 0x0000000084300000, 0x0000000084400000|  0%| F|  |TAMS 0x0000000084300000| PB 0x0000000084300000| Untracked 
|  68|0x0000000084400000, 0x0000000084400000, 0x0000000084500000|  0%| F|  |TAMS 0x0000000084400000| PB 0x0000000084400000| Untracked 
|  69|0x0000000084500000, 0x0000000084500000, 0x0000000084600000|  0%| F|  |TAMS 0x0000000084500000| PB 0x0000000084500000| Untracked 
|  70|0x0000000084600000, 0x0000000084600000, 0x0000000084700000|  0%| F|  |TAMS 0x0000000084600000| PB 0x0000000084600000| Untracked 
|  71|0x0000000084700000, 0x0000000084700000, 0x0000000084800000|  0%| F|  |TAMS 0x0000000084700000| PB 0x0000000084700000| Untracked 
|  72|0x0000000084800000, 0x0000000084800000, 0x0000000084900000|  0%| F|  |TAMS 0x0000000084800000| PB 0x0000000084800000| Untracked 
|  73|0x0000000084900000, 0x0000000084900000, 0x0000000084a00000|  0%| F|  |TAMS 0x0000000084900000| PB 0x0000000084900000| Untracked 
|  74|0x0000000084a00000, 0x0000000084a00000, 0x0000000084b00000|  0%| F|  |TAMS 0x0000000084a00000| PB 0x0000000084a00000| Untracked 
|  75|0x0000000084b00000, 0x0000000084b00000, 0x0000000084c00000|  0%| F|  |TAMS 0x0000000084b00000| PB 0x0000000084b00000| Untracked 
|  76|0x0000000084c00000, 0x0000000084c00000, 0x0000000084d00000|  0%| F|  |TAMS 0x0000000084c00000| PB 0x0000000084c00000| Untracked 
|  77|0x0000000084d00000, 0x0000000084d00000, 0x0000000084e00000|  0%| F|  |TAMS 0x0000000084d00000| PB 0x0000000084d00000| Untracked 
|  78|0x0000000084e00000, 0x0000000084e00000, 0x0000000084f00000|  0%| F|  |TAMS 0x0000000084e00000| PB 0x0000000084e00000| Untracked 
|  79|0x0000000084f00000, 0x0000000084f00000, 0x0000000085000000|  0%| F|  |TAMS 0x0000000084f00000| PB 0x0000000084f00000| Untracked 
|  80|0x0000000085000000, 0x0000000085000000, 0x0000000085100000|  0%| F|  |TAMS 0x0000000085000000| PB 0x0000000085000000| Untracked 
|  81|0x0000000085100000, 0x0000000085100000, 0x0000000085200000|  0%| F|  |TAMS 0x0000000085100000| PB 0x0000000085100000| Untracked 
|  82|0x0000000085200000, 0x0000000085200000, 0x0000000085300000|  0%| F|  |TAMS 0x0000000085200000| PB 0x0000000085200000| Untracked 
|  83|0x0000000085300000, 0x0000000085300000, 0x0000000085400000|  0%| F|  |TAMS 0x0000000085300000| PB 0x0000000085300000| Untracked 
|  84|0x0000000085400000, 0x0000000085400000, 0x0000000085500000|  0%| F|  |TAMS 0x0000000085400000| PB 0x0000000085400000| Untracked 
|  85|0x0000000085500000, 0x0000000085500000, 0x0000000085600000|  0%| F|  |TAMS 0x0000000085500000| PB 0x0000000085500000| Untracked 
|  86|0x0000000085600000, 0x0000000085600000, 0x0000000085700000|  0%| F|  |TAMS 0x0000000085600000| PB 0x0000000085600000| Untracked 
|  87|0x0000000085700000, 0x0000000085700000, 0x0000000085800000|  0%| F|  |TAMS 0x0000000085700000| PB 0x0000000085700000| Untracked 
|  88|0x0000000085800000, 0x0000000085800000, 0x0000000085900000|  0%| F|  |TAMS 0x0000000085800000| PB 0x0000000085800000| Untracked 
|  89|0x0000000085900000, 0x0000000085900000, 0x0000000085a00000|  0%| F|  |TAMS 0x0000000085900000| PB 0x0000000085900000| Untracked 
|  90|0x0000000085a00000, 0x0000000085a00000, 0x0000000085b00000|  0%| F|  |TAMS 0x0000000085a00000| PB 0x0000000085a00000| Untracked 
|  91|0x0000000085b00000, 0x0000000085b00000, 0x0000000085c00000|  0%| F|  |TAMS 0x0000000085b00000| PB 0x0000000085b00000| Untracked 
|  92|0x0000000085c00000, 0x0000000085c00000, 0x0000000085d00000|  0%| F|  |TAMS 0x0000000085c00000| PB 0x0000000085c00000| Untracked 
|  93|0x0000000085d00000, 0x0000000085d00000, 0x0000000085e00000|  0%| F|  |TAMS 0x0000000085d00000| PB 0x0000000085d00000| Untracked 
|  94|0x0000000085e00000, 0x0000000085e00000, 0x0000000085f00000|  0%| F|  |TAMS 0x0000000085e00000| PB 0x0000000085e00000| Untracked 
|  95|0x0000000085f00000, 0x0000000085f00000, 0x0000000086000000|  0%| F|  |TAMS 0x0000000085f00000| PB 0x0000000085f00000| Untracked 
|  96|0x0000000086000000, 0x0000000086000000, 0x0000000086100000|  0%| F|  |TAMS 0x0000000086000000| PB 0x0000000086000000| Untracked 
|  97|0x0000000086100000, 0x0000000086100000, 0x0000000086200000|  0%| F|  |TAMS 0x0000000086100000| PB 0x0000000086100000| Untracked 
|  98|0x0000000086200000, 0x0000000086200000, 0x0000000086300000|  0%| F|  |TAMS 0x0000000086200000| PB 0x0000000086200000| Untracked 
|  99|0x0000000086300000, 0x0000000086300000, 0x0000000086400000|  0%| F|  |TAMS 0x0000000086300000| PB 0x0000000086300000| Untracked 
| 100|0x0000000086400000, 0x0000000086400000, 0x0000000086500000|  0%| F|  |TAMS 0x0000000086400000| PB 0x0000000086400000| Untracked 
| 101|0x0000000086500000, 0x0000000086500000, 0x0000000086600000|  0%| F|  |TAMS 0x0000000086500000| PB 0x0000000086500000| Untracked 
| 102|0x0000000086600000, 0x0000000086600000, 0x0000000086700000|  0%| F|  |TAMS 0x0000000086600000| PB 0x0000000086600000| Untracked 
| 103|0x0000000086700000, 0x0000000086700000, 0x0000000086800000|  0%| F|  |TAMS 0x0000000086700000| PB 0x0000000086700000| Untracked 
| 104|0x0000000086800000, 0x0000000086800000, 0x0000000086900000|  0%| F|  |TAMS 0x0000000086800000| PB 0x0000000086800000| Untracked 
| 105|0x0000000086900000, 0x0000000086900000, 0x0000000086a00000|  0%| F|  |TAMS 0x0000000086900000| PB 0x0000000086900000| Untracked 
| 106|0x0000000086a00000, 0x0000000086a00000, 0x0000000086b00000|  0%| F|  |TAMS 0x0000000086a00000| PB 0x0000000086a00000| Untracked 
| 107|0x0000000086b00000, 0x0000000086b00000, 0x0000000086c00000|  0%| F|  |TAMS 0x0000000086b00000| PB 0x0000000086b00000| Untracked 
| 108|0x0000000086c00000, 0x0000000086c00000, 0x0000000086d00000|  0%| F|  |TAMS 0x0000000086c00000| PB 0x0000000086c00000| Untracked 
| 109|0x0000000086d00000, 0x0000000086d00000, 0x0000000086e00000|  0%| F|  |TAMS 0x0000000086d00000| PB 0x0000000086d00000| Untracked 
| 110|0x0000000086e00000, 0x0000000086e00000, 0x0000000086f00000|  0%| F|  |TAMS 0x0000000086e00000| PB 0x0000000086e00000| Untracked 
| 111|0x0000000086f00000, 0x0000000086f00000, 0x0000000087000000|  0%| F|  |TAMS 0x0000000086f00000| PB 0x0000000086f00000| Untracked 
| 112|0x0000000087000000, 0x0000000087000000, 0x0000000087100000|  0%| F|  |TAMS 0x0000000087000000| PB 0x0000000087000000| Untracked 
| 113|0x0000000087100000, 0x0000000087100000, 0x0000000087200000|  0%| F|  |TAMS 0x0000000087100000| PB 0x0000000087100000| Untracked 
| 114|0x0000000087200000, 0x0000000087200000, 0x0000000087300000|  0%| F|  |TAMS 0x0000000087200000| PB 0x0000000087200000| Untracked 
| 115|0x0000000087300000, 0x0000000087300000, 0x0000000087400000|  0%| F|  |TAMS 0x0000000087300000| PB 0x0000000087300000| Untracked 
| 116|0x0000000087400000, 0x0000000087400000, 0x0000000087500000|  0%| F|  |TAMS 0x0000000087400000| PB 0x0000000087400000| Untracked 
| 117|0x0000000087500000, 0x0000000087500000, 0x0000000087600000|  0%| F|  |TAMS 0x0000000087500000| PB 0x0000000087500000| Untracked 
| 118|0x0000000087600000, 0x0000000087600000, 0x0000000087700000|  0%| F|  |TAMS 0x0000000087600000| PB 0x0000000087600000| Untracked 
| 119|0x0000000087700000, 0x0000000087700000, 0x0000000087800000|  0%| F|  |TAMS 0x0000000087700000| PB 0x0000000087700000| Untracked 
| 120|0x0000000087800000, 0x0000000087800000, 0x0000000087900000|  0%| F|  |TAMS 0x0000000087800000| PB 0x0000000087800000| Untracked 
| 121|0x0000000087900000, 0x0000000087900000, 0x0000000087a00000|  0%| F|  |TAMS 0x0000000087900000| PB 0x0000000087900000| Untracked 
| 122|0x0000000087a00000, 0x0000000087a00000, 0x0000000087b00000|  0%| F|  |TAMS 0x0000000087a00000| PB 0x0000000087a00000| Untracked 
| 123|0x0000000087b00000, 0x0000000087b00000, 0x0000000087c00000|  0%| F|  |TAMS 0x0000000087b00000| PB 0x0000000087b00000| Untracked 
| 124|0x0000000087c00000, 0x0000000087c00000, 0x0000000087d00000|  0%| F|  |TAMS 0x0000000087c00000| PB 0x0000000087c00000| Untracked 
| 125|0x0000000087d00000, 0x0000000087d00000, 0x0000000087e00000|  0%| F|  |TAMS 0x0000000087d00000| PB 0x0000000087d00000| Untracked 
| 126|0x0000000087e00000, 0x0000000087e00000, 0x0000000087f00000|  0%| F|  |TAMS 0x0000000087e00000| PB 0x0000000087e00000| Untracked 
| 127|0x0000000087f00000, 0x0000000087f00000, 0x0000000088000000|  0%| F|  |TAMS 0x0000000087f00000| PB 0x0000000087f00000| Untracked 
| 128|0x0000000088000000, 0x0000000088000000, 0x0000000088100000|  0%| F|  |TAMS 0x0000000088000000| PB 0x0000000088000000| Untracked 
| 129|0x0000000088100000, 0x0000000088100000, 0x0000000088200000|  0%| F|  |TAMS 0x0000000088100000| PB 0x0000000088100000| Untracked 
| 130|0x0000000088200000, 0x0000000088200000, 0x0000000088300000|  0%| F|  |TAMS 0x0000000088200000| PB 0x0000000088200000| Untracked 
| 131|0x0000000088300000, 0x0000000088300000, 0x0000000088400000|  0%| F|  |TAMS 0x0000000088300000| PB 0x0000000088300000| Untracked 
| 132|0x0000000088400000, 0x0000000088400000, 0x0000000088500000|  0%| F|  |TAMS 0x0000000088400000| PB 0x0000000088400000| Untracked 
| 133|0x0000000088500000, 0x0000000088500000, 0x0000000088600000|  0%| F|  |TAMS 0x0000000088500000| PB 0x0000000088500000| Untracked 
| 134|0x0000000088600000, 0x0000000088600000, 0x0000000088700000|  0%| F|  |TAMS 0x0000000088600000| PB 0x0000000088600000| Untracked 
| 135|0x0000000088700000, 0x0000000088700000, 0x0000000088800000|  0%| F|  |TAMS 0x0000000088700000| PB 0x0000000088700000| Untracked 
| 136|0x0000000088800000, 0x0000000088800000, 0x0000000088900000|  0%| F|  |TAMS 0x0000000088800000| PB 0x0000000088800000| Untracked 
| 137|0x0000000088900000, 0x0000000088900000, 0x0000000088a00000|  0%| F|  |TAMS 0x0000000088900000| PB 0x0000000088900000| Untracked 
| 138|0x0000000088a00000, 0x0000000088a00000, 0x0000000088b00000|  0%| F|  |TAMS 0x0000000088a00000| PB 0x0000000088a00000| Untracked 
| 139|0x0000000088b00000, 0x0000000088b00000, 0x0000000088c00000|  0%| F|  |TAMS 0x0000000088b00000| PB 0x0000000088b00000| Untracked 
| 140|0x0000000088c00000, 0x0000000088c00000, 0x0000000088d00000|  0%| F|  |TAMS 0x0000000088c00000| PB 0x0000000088c00000| Untracked 
| 141|0x0000000088d00000, 0x0000000088d00000, 0x0000000088e00000|  0%| F|  |TAMS 0x0000000088d00000| PB 0x0000000088d00000| Untracked 
| 142|0x0000000088e00000, 0x0000000088e00000, 0x0000000088f00000|  0%| F|  |TAMS 0x0000000088e00000| PB 0x0000000088e00000| Untracked 
| 143|0x0000000088f00000, 0x0000000088f00000, 0x0000000089000000|  0%| F|  |TAMS 0x0000000088f00000| PB 0x0000000088f00000| Untracked 
| 144|0x0000000089000000, 0x0000000089000000, 0x0000000089100000|  0%| F|  |TAMS 0x0000000089000000| PB 0x0000000089000000| Untracked 
| 145|0x0000000089100000, 0x0000000089100000, 0x0000000089200000|  0%| F|  |TAMS 0x0000000089100000| PB 0x0000000089100000| Untracked 
| 146|0x0000000089200000, 0x0000000089200000, 0x0000000089300000|  0%| F|  |TAMS 0x0000000089200000| PB 0x0000000089200000| Untracked 
| 147|0x0000000089300000, 0x0000000089300000, 0x0000000089400000|  0%| F|  |TAMS 0x0000000089300000| PB 0x0000000089300000| Untracked 
| 148|0x0000000089400000, 0x0000000089400000, 0x0000000089500000|  0%| F|  |TAMS 0x0000000089400000| PB 0x0000000089400000| Untracked 
| 149|0x0000000089500000, 0x0000000089500000, 0x0000000089600000|  0%| F|  |TAMS 0x0000000089500000| PB 0x0000000089500000| Untracked 
| 150|0x0000000089600000, 0x0000000089600000, 0x0000000089700000|  0%| F|  |TAMS 0x0000000089600000| PB 0x0000000089600000| Untracked 
| 151|0x0000000089700000, 0x0000000089700000, 0x0000000089800000|  0%| F|  |TAMS 0x0000000089700000| PB 0x0000000089700000| Untracked 
| 152|0x0000000089800000, 0x0000000089800000, 0x0000000089900000|  0%| F|  |TAMS 0x0000000089800000| PB 0x0000000089800000| Untracked 
| 153|0x0000000089900000, 0x0000000089900000, 0x0000000089a00000|  0%| F|  |TAMS 0x0000000089900000| PB 0x0000000089900000| Untracked 
| 154|0x0000000089a00000, 0x0000000089a00000, 0x0000000089b00000|  0%| F|  |TAMS 0x0000000089a00000| PB 0x0000000089a00000| Untracked 
| 155|0x0000000089b00000, 0x0000000089b00000, 0x0000000089c00000|  0%| F|  |TAMS 0x0000000089b00000| PB 0x0000000089b00000| Untracked 
| 156|0x0000000089c00000, 0x0000000089c00000, 0x0000000089d00000|  0%| F|  |TAMS 0x0000000089c00000| PB 0x0000000089c00000| Untracked 
| 157|0x0000000089d00000, 0x0000000089d00000, 0x0000000089e00000|  0%| F|  |TAMS 0x0000000089d00000| PB 0x0000000089d00000| Untracked 
| 158|0x0000000089e00000, 0x0000000089e00000, 0x0000000089f00000|  0%| F|  |TAMS 0x0000000089e00000| PB 0x0000000089e00000| Untracked 
| 159|0x0000000089f00000, 0x0000000089f00000, 0x000000008a000000|  0%| F|  |TAMS 0x0000000089f00000| PB 0x0000000089f00000| Untracked 
| 160|0x000000008a000000, 0x000000008a000000, 0x000000008a100000|  0%| F|  |TAMS 0x000000008a000000| PB 0x000000008a000000| Untracked 
| 161|0x000000008a100000, 0x000000008a100000, 0x000000008a200000|  0%| F|  |TAMS 0x000000008a100000| PB 0x000000008a100000| Untracked 
| 162|0x000000008a200000, 0x000000008a200000, 0x000000008a300000|  0%| F|  |TAMS 0x000000008a200000| PB 0x000000008a200000| Untracked 
| 163|0x000000008a300000, 0x000000008a300000, 0x000000008a400000|  0%| F|  |TAMS 0x000000008a300000| PB 0x000000008a300000| Untracked 
| 164|0x000000008a400000, 0x000000008a400000, 0x000000008a500000|  0%| F|  |TAMS 0x000000008a400000| PB 0x000000008a400000| Untracked 
| 165|0x000000008a500000, 0x000000008a500000, 0x000000008a600000|  0%| F|  |TAMS 0x000000008a500000| PB 0x000000008a500000| Untracked 
| 166|0x000000008a600000, 0x000000008a600000, 0x000000008a700000|  0%| F|  |TAMS 0x000000008a600000| PB 0x000000008a600000| Untracked 
| 167|0x000000008a700000, 0x000000008a700000, 0x000000008a800000|  0%| F|  |TAMS 0x000000008a700000| PB 0x000000008a700000| Untracked 
| 168|0x000000008a800000, 0x000000008a800000, 0x000000008a900000|  0%| F|  |TAMS 0x000000008a800000| PB 0x000000008a800000| Untracked 
| 169|0x000000008a900000, 0x000000008a900000, 0x000000008aa00000|  0%| F|  |TAMS 0x000000008a900000| PB 0x000000008a900000| Untracked 
| 170|0x000000008aa00000, 0x000000008aa00000, 0x000000008ab00000|  0%| F|  |TAMS 0x000000008aa00000| PB 0x000000008aa00000| Untracked 
| 171|0x000000008ab00000, 0x000000008ab00000, 0x000000008ac00000|  0%| F|  |TAMS 0x000000008ab00000| PB 0x000000008ab00000| Untracked 
| 172|0x000000008ac00000, 0x000000008ac00000, 0x000000008ad00000|  0%| F|  |TAMS 0x000000008ac00000| PB 0x000000008ac00000| Untracked 
| 173|0x000000008ad00000, 0x000000008ad00000, 0x000000008ae00000|  0%| F|  |TAMS 0x000000008ad00000| PB 0x000000008ad00000| Untracked 
| 174|0x000000008ae00000, 0x000000008ae00000, 0x000000008af00000|  0%| F|  |TAMS 0x000000008ae00000| PB 0x000000008ae00000| Untracked 
| 175|0x000000008af00000, 0x000000008af00000, 0x000000008b000000|  0%| F|  |TAMS 0x000000008af00000| PB 0x000000008af00000| Untracked 
| 176|0x000000008b000000, 0x000000008b000000, 0x000000008b100000|  0%| F|  |TAMS 0x000000008b000000| PB 0x000000008b000000| Untracked 
| 177|0x000000008b100000, 0x000000008b100000, 0x000000008b200000|  0%| F|  |TAMS 0x000000008b100000| PB 0x000000008b100000| Untracked 
| 178|0x000000008b200000, 0x000000008b200000, 0x000000008b300000|  0%| F|  |TAMS 0x000000008b200000| PB 0x000000008b200000| Untracked 
| 179|0x000000008b300000, 0x000000008b300000, 0x000000008b400000|  0%| F|  |TAMS 0x000000008b300000| PB 0x000000008b300000| Untracked 
| 180|0x000000008b400000, 0x000000008b400000, 0x000000008b500000|  0%| F|  |TAMS 0x000000008b400000| PB 0x000000008b400000| Untracked 
| 181|0x000000008b500000, 0x000000008b500000, 0x000000008b600000|  0%| F|  |TAMS 0x000000008b500000| PB 0x000000008b500000| Untracked 
| 182|0x000000008b600000, 0x000000008b600000, 0x000000008b700000|  0%| F|  |TAMS 0x000000008b600000| PB 0x000000008b600000| Untracked 
| 183|0x000000008b700000, 0x000000008b700000, 0x000000008b800000|  0%| F|  |TAMS 0x000000008b700000| PB 0x000000008b700000| Untracked 
| 184|0x000000008b800000, 0x000000008b800000, 0x000000008b900000|  0%| F|  |TAMS 0x000000008b800000| PB 0x000000008b800000| Untracked 
| 185|0x000000008b900000, 0x000000008b900000, 0x000000008ba00000|  0%| F|  |TAMS 0x000000008b900000| PB 0x000000008b900000| Untracked 
| 186|0x000000008ba00000, 0x000000008ba00000, 0x000000008bb00000|  0%| F|  |TAMS 0x000000008ba00000| PB 0x000000008ba00000| Untracked 
| 187|0x000000008bb00000, 0x000000008bb00000, 0x000000008bc00000|  0%| F|  |TAMS 0x000000008bb00000| PB 0x000000008bb00000| Untracked 
| 188|0x000000008bc00000, 0x000000008bc00000, 0x000000008bd00000|  0%| F|  |TAMS 0x000000008bc00000| PB 0x000000008bc00000| Untracked 
| 189|0x000000008bd00000, 0x000000008bd00000, 0x000000008be00000|  0%| F|  |TAMS 0x000000008bd00000| PB 0x000000008bd00000| Untracked 
| 190|0x000000008be00000, 0x000000008be00000, 0x000000008bf00000|  0%| F|  |TAMS 0x000000008be00000| PB 0x000000008be00000| Untracked 
| 191|0x000000008bf00000, 0x000000008bf80000, 0x000000008c000000| 50%| E|  |TAMS 0x000000008bf00000| PB 0x000000008bf00000| Complete 
| 192|0x000000008c000000, 0x000000008c100000, 0x000000008c100000|100%| S|CS|TAMS 0x000000008c000000| PB 0x000000008c000000| Complete 
| 193|0x000000008c100000, 0x000000008c200000, 0x000000008c200000|100%| S|CS|TAMS 0x000000008c100000| PB 0x000000008c100000| Complete 
| 194|0x000000008c200000, 0x000000008c300000, 0x000000008c300000|100%| S|CS|TAMS 0x000000008c200000| PB 0x000000008c200000| Complete 
| 195|0x000000008c300000, 0x000000008c400000, 0x000000008c400000|100%| S|CS|TAMS 0x000000008c300000| PB 0x000000008c300000| Complete 
| 196|0x000000008c400000, 0x000000008c500000, 0x000000008c500000|100%| S|CS|TAMS 0x000000008c400000| PB 0x000000008c400000| Complete 
| 197|0x000000008c500000, 0x000000008c600000, 0x000000008c600000|100%| S|CS|TAMS 0x000000008c500000| PB 0x000000008c500000| Complete 
| 198|0x000000008c600000, 0x000000008c700000, 0x000000008c700000|100%| S|CS|TAMS 0x000000008c600000| PB 0x000000008c600000| Complete 
| 199|0x000000008c700000, 0x000000008c800000, 0x000000008c800000|100%| E|CS|TAMS 0x000000008c700000| PB 0x000000008c700000| Complete 
| 200|0x000000008c800000, 0x000000008c900000, 0x000000008c900000|100%| E|CS|TAMS 0x000000008c800000| PB 0x000000008c800000| Complete 
| 201|0x000000008c900000, 0x000000008ca00000, 0x000000008ca00000|100%| E|CS|TAMS 0x000000008c900000| PB 0x000000008c900000| Complete 
| 202|0x000000008ca00000, 0x000000008cb00000, 0x000000008cb00000|100%| E|CS|TAMS 0x000000008ca00000| PB 0x000000008ca00000| Complete 
| 203|0x000000008cb00000, 0x000000008cc00000, 0x000000008cc00000|100%| E|CS|TAMS 0x000000008cb00000| PB 0x000000008cb00000| Complete 
| 204|0x000000008cc00000, 0x000000008cd00000, 0x000000008cd00000|100%| E|CS|TAMS 0x000000008cc00000| PB 0x000000008cc00000| Complete 
| 205|0x000000008cd00000, 0x000000008ce00000, 0x000000008ce00000|100%| E|CS|TAMS 0x000000008cd00000| PB 0x000000008cd00000| Complete 
| 206|0x000000008ce00000, 0x000000008cf00000, 0x000000008cf00000|100%| E|CS|TAMS 0x000000008ce00000| PB 0x000000008ce00000| Complete 
| 207|0x000000008cf00000, 0x000000008d000000, 0x000000008d000000|100%| E|CS|TAMS 0x000000008cf00000| PB 0x000000008cf00000| Complete 
| 208|0x000000008d000000, 0x000000008d100000, 0x000000008d100000|100%| E|CS|TAMS 0x000000008d000000| PB 0x000000008d000000| Complete 
| 209|0x000000008d100000, 0x000000008d200000, 0x000000008d200000|100%| E|CS|TAMS 0x000000008d100000| PB 0x000000008d100000| Complete 
| 210|0x000000008d200000, 0x000000008d300000, 0x000000008d300000|100%| E|CS|TAMS 0x000000008d200000| PB 0x000000008d200000| Complete 
| 211|0x000000008d300000, 0x000000008d400000, 0x000000008d400000|100%| E|CS|TAMS 0x000000008d300000| PB 0x000000008d300000| Complete 
| 212|0x000000008d400000, 0x000000008d500000, 0x000000008d500000|100%| E|CS|TAMS 0x000000008d400000| PB 0x000000008d400000| Complete 
| 213|0x000000008d500000, 0x000000008d600000, 0x000000008d600000|100%| E|CS|TAMS 0x000000008d500000| PB 0x000000008d500000| Complete 
| 214|0x000000008d600000, 0x000000008d700000, 0x000000008d700000|100%| E|CS|TAMS 0x000000008d600000| PB 0x000000008d600000| Complete 
| 215|0x000000008d700000, 0x000000008d800000, 0x000000008d800000|100%| E|CS|TAMS 0x000000008d700000| PB 0x000000008d700000| Complete 
| 216|0x000000008d800000, 0x000000008d900000, 0x000000008d900000|100%| E|CS|TAMS 0x000000008d800000| PB 0x000000008d800000| Complete 
| 217|0x000000008d900000, 0x000000008da00000, 0x000000008da00000|100%| E|CS|TAMS 0x000000008d900000| PB 0x000000008d900000| Complete 
| 218|0x000000008da00000, 0x000000008db00000, 0x000000008db00000|100%| E|CS|TAMS 0x000000008da00000| PB 0x000000008da00000| Complete 
| 219|0x000000008db00000, 0x000000008dc00000, 0x000000008dc00000|100%| E|CS|TAMS 0x000000008db00000| PB 0x000000008db00000| Complete 
| 220|0x000000008dc00000, 0x000000008dd00000, 0x000000008dd00000|100%| E|CS|TAMS 0x000000008dc00000| PB 0x000000008dc00000| Complete 
| 221|0x000000008dd00000, 0x000000008de00000, 0x000000008de00000|100%| E|CS|TAMS 0x000000008dd00000| PB 0x000000008dd00000| Complete 
| 222|0x000000008de00000, 0x000000008df00000, 0x000000008df00000|100%| E|CS|TAMS 0x000000008de00000| PB 0x000000008de00000| Complete 
| 223|0x000000008df00000, 0x000000008e000000, 0x000000008e000000|100%| E|CS|TAMS 0x000000008df00000| PB 0x000000008df00000| Complete 
| 224|0x000000008e000000, 0x000000008e100000, 0x000000008e100000|100%| E|CS|TAMS 0x000000008e000000| PB 0x000000008e000000| Complete 
| 225|0x000000008e100000, 0x000000008e200000, 0x000000008e200000|100%| E|CS|TAMS 0x000000008e100000| PB 0x000000008e100000| Complete 
| 226|0x000000008e200000, 0x000000008e300000, 0x000000008e300000|100%| E|CS|TAMS 0x000000008e200000| PB 0x000000008e200000| Complete 
| 227|0x000000008e300000, 0x000000008e400000, 0x000000008e400000|100%| E|CS|TAMS 0x000000008e300000| PB 0x000000008e300000| Complete 
| 228|0x000000008e400000, 0x000000008e500000, 0x000000008e500000|100%| E|CS|TAMS 0x000000008e400000| PB 0x000000008e400000| Complete 
| 229|0x000000008e500000, 0x000000008e600000, 0x000000008e600000|100%| E|CS|TAMS 0x000000008e500000| PB 0x000000008e500000| Complete 
| 230|0x000000008e600000, 0x000000008e700000, 0x000000008e700000|100%| E|CS|TAMS 0x000000008e600000| PB 0x000000008e600000| Complete 
| 231|0x000000008e700000, 0x000000008e800000, 0x000000008e800000|100%| E|CS|TAMS 0x000000008e700000| PB 0x000000008e700000| Complete 
| 232|0x000000008e800000, 0x000000008e900000, 0x000000008e900000|100%| E|CS|TAMS 0x000000008e800000| PB 0x000000008e800000| Complete 
| 233|0x000000008e900000, 0x000000008ea00000, 0x000000008ea00000|100%| E|CS|TAMS 0x000000008e900000| PB 0x000000008e900000| Complete 
| 234|0x000000008ea00000, 0x000000008eb00000, 0x000000008eb00000|100%| E|CS|TAMS 0x000000008ea00000| PB 0x000000008ea00000| Complete 
| 235|0x000000008eb00000, 0x000000008ec00000, 0x000000008ec00000|100%| E|CS|TAMS 0x000000008eb00000| PB 0x000000008eb00000| Complete 
| 236|0x000000008ec00000, 0x000000008ed00000, 0x000000008ed00000|100%| E|CS|TAMS 0x000000008ec00000| PB 0x000000008ec00000| Complete 
| 237|0x000000008ed00000, 0x000000008ee00000, 0x000000008ee00000|100%| E|CS|TAMS 0x000000008ed00000| PB 0x000000008ed00000| Complete 
| 238|0x000000008ee00000, 0x000000008ef00000, 0x000000008ef00000|100%| E|CS|TAMS 0x000000008ee00000| PB 0x000000008ee00000| Complete 
| 239|0x000000008ef00000, 0x000000008f000000, 0x000000008f000000|100%| E|CS|TAMS 0x000000008ef00000| PB 0x000000008ef00000| Complete 
| 240|0x000000008f000000, 0x000000008f100000, 0x000000008f100000|100%| E|CS|TAMS 0x000000008f000000| PB 0x000000008f000000| Complete 
| 241|0x000000008f100000, 0x000000008f200000, 0x000000008f200000|100%| E|CS|TAMS 0x000000008f100000| PB 0x000000008f100000| Complete 
| 242|0x000000008f200000, 0x000000008f300000, 0x000000008f300000|100%| E|CS|TAMS 0x000000008f200000| PB 0x000000008f200000| Complete 
| 243|0x000000008f300000, 0x000000008f400000, 0x000000008f400000|100%| E|CS|TAMS 0x000000008f300000| PB 0x000000008f300000| Complete 
| 244|0x000000008f400000, 0x000000008f500000, 0x000000008f500000|100%| E|CS|TAMS 0x000000008f400000| PB 0x000000008f400000| Complete 
| 245|0x000000008f500000, 0x000000008f600000, 0x000000008f600000|100%| E|CS|TAMS 0x000000008f500000| PB 0x000000008f500000| Complete 
| 246|0x000000008f600000, 0x000000008f700000, 0x000000008f700000|100%| E|CS|TAMS 0x000000008f600000| PB 0x000000008f600000| Complete 
| 247|0x000000008f700000, 0x000000008f800000, 0x000000008f800000|100%| E|CS|TAMS 0x000000008f700000| PB 0x000000008f700000| Complete 
| 248|0x000000008f800000, 0x000000008f900000, 0x000000008f900000|100%| E|CS|TAMS 0x000000008f800000| PB 0x000000008f800000| Complete 
| 249|0x000000008f900000, 0x000000008fa00000, 0x000000008fa00000|100%| E|CS|TAMS 0x000000008f900000| PB 0x000000008f900000| Complete 
| 250|0x000000008fa00000, 0x000000008fb00000, 0x000000008fb00000|100%| E|CS|TAMS 0x000000008fa00000| PB 0x000000008fa00000| Complete 
| 251|0x000000008fb00000, 0x000000008fc00000, 0x000000008fc00000|100%| E|CS|TAMS 0x000000008fb00000| PB 0x000000008fb00000| Complete 

Card table byte_map: [0x000002a1e8270000,0x000002a1e8670000] _byte_map_base: 0x000002a1e7e70000

Marking Bits: (CMBitMap*) 0x000002a1d331e630
 Bits: [0x000002a1e8670000, 0x000002a1ea670000)

Polling page: 0x000002a1d3570000

Metaspace:

Usage:
  Non-class:     13.80 MB used.
      Class:      2.27 MB used.
       Both:     16.07 MB used.

Virtual space:
  Non-class space:       64.00 MB reserved,      14.06 MB ( 22%) committed,  1 nodes.
      Class space:        1.00 GB reserved,       2.50 MB ( <1%) committed,  1 nodes.
             Both:        1.06 GB reserved,      16.56 MB (  2%) committed. 

Chunk freelists:
   Non-Class:  1.80 MB
       Class:  13.54 MB
        Both:  15.33 MB

MaxMetaspaceSize: unlimited
CompressedClassSpaceSize: 1.00 GB
Initial GC threshold: 21.00 MB
Current GC threshold: 21.00 MB
CDS: on
 - commit_granule_bytes: 65536.
 - commit_granule_words: 8192.
 - virtual_space_node_default_size: 8388608.
 - enlarge_chunks_in_place: 1.
 - use_allocation_guard: 0.


Internal statistics:

num_allocs_failed_limit: 0.
num_arena_births: 678.
num_arena_deaths: 0.
num_vsnodes_births: 2.
num_vsnodes_deaths: 0.
num_space_committed: 265.
num_space_uncommitted: 0.
num_chunks_returned_to_freelist: 0.
num_chunks_taken_from_freelist: 1255.
num_chunk_merges: 0.
num_chunk_splits: 826.
num_chunks_enlarged: 568.
num_inconsistent_stats: 0.

CodeHeap 'non-profiled nmethods': size=120000Kb used=1312Kb max_used=1312Kb free=118687Kb
 bounds [0x000002a1e03f0000, 0x000002a1e0660000, 0x000002a1e7920000]
CodeHeap 'profiled nmethods': size=120000Kb used=5538Kb max_used=5538Kb free=114461Kb
 bounds [0x000002a1d8920000, 0x000002a1d8e90000, 0x000002a1dfe50000]
CodeHeap 'non-nmethods': size=5760Kb used=1407Kb max_used=1409Kb free=4352Kb
 bounds [0x000002a1dfe50000, 0x000002a1e00c0000, 0x000002a1e03f0000]
CodeCache: size=245760Kb, used=8257Kb, max_used=8259Kb, free=237500Kb
 total_blobs=3377, nmethods=2814, adapters=467, full_count=0
Compilation: enabled, stopped_count=0, restarted_count=0

Compilation events (20 events):
Event: 6.844 Thread 0x000002a1ed309350 2806       3       java.lang.invoke.MethodHandles$Lookup::checkField (58 bytes)
Event: 6.845 Thread 0x000002a1ed309350 nmethod 2806 0x000002a1d8e82710 code [0x000002a1d8e82900, 0x000002a1d8e82d40]
Event: 6.845 Thread 0x000002a1ed309350 2807       3       java.lang.invoke.DirectMethodHandle::shouldBeInitialized (117 bytes)
Event: 6.847 Thread 0x000002a1ed309350 nmethod 2807 0x000002a1d8e82f10 code [0x000002a1d8e83160, 0x000002a1d8e83910]
Event: 6.850 Thread 0x000002a1ed309350 2810       3       java.lang.invoke.DirectMethodHandle::preparedFieldLambdaForm (180 bytes)
Event: 6.851 Thread 0x000002a1ed309350 nmethod 2810 0x000002a1d8e83b10 code [0x000002a1d8e83d60, 0x000002a1d8e84478]
Event: 6.851 Thread 0x000002a1ed309350 2811       3       java.lang.invoke.DirectMethodHandle::make (21 bytes)
Event: 6.851 Thread 0x000002a1ed309350 nmethod 2811 0x000002a1d8e84790 code [0x000002a1d8e84940, 0x000002a1d8e84b20]
Event: 6.853 Thread 0x000002a1ed309350 2814       3       java.util.List::of (64 bytes)
Event: 6.854 Thread 0x000002a1ed309350 nmethod 2814 0x000002a1d8e84c10 code [0x000002a1d8e84ea0, 0x000002a1d8e85b20]
Event: 6.854 Thread 0x000002a1ed309350 2815       3       java.lang.invoke.Invokers::basicInvoker (103 bytes)
Event: 6.855 Thread 0x000002a1ed309350 nmethod 2815 0x000002a1d8e85f10 code [0x000002a1d8e861c0, 0x000002a1d8e86b70]
Event: 6.857 Thread 0x000002a1ed309350 2818       3       java.lang.invoke.DirectMethodHandle::afIndex (20 bytes)
Event: 6.857 Thread 0x000002a1ed309350 nmethod 2818 0x000002a1d8e86f90 code [0x000002a1d8e87120, 0x000002a1d8e87268]
Event: 6.857 Thread 0x000002a1ed309350 2819       3       java.lang.invoke.MethodHandles$Lookup::getDirectFieldCommon (67 bytes)
Event: 6.858 Thread 0x000002a1ed309350 nmethod 2819 0x000002a1d8e87310 code [0x000002a1d8e87520, 0x000002a1d8e87990]
Event: 6.858 Thread 0x000002a1ed309350 2820   !   3       java.lang.invoke.ClassSpecializer$Factory::findGetter (41 bytes)
Event: 6.859 Thread 0x000002a1ed309350 nmethod 2820 0x000002a1d8e87b10 code [0x000002a1d8e87d00, 0x000002a1d8e88230]
Event: 6.863 Thread 0x000002a1ed309350 2823       3       java.lang.invoke.LambdaForm$NamedFunction::<init> (10 bytes)
Event: 6.864 Thread 0x000002a1ed309350 nmethod 2823 0x000002a1d8e88410 code [0x000002a1d8e885e0, 0x000002a1d8e88938]

GC Heap History (6 events):
Event: 0.660 GC heap before
{Heap before GC invocations=0 (full 0):
 garbage-first heap   total 258048K, used 22528K [0x0000000080000000, 0x0000000100000000)
  region size 1024K, 23 young (23552K), 0 survivors (0K)
 Metaspace       used 1074K, committed 1216K, reserved 1114112K
  class space    used 82K, committed 128K, reserved 1048576K
}
Event: 0.665 GC heap after
{Heap after GC invocations=1 (full 0):
 garbage-first heap   total 258048K, used 2794K [0x0000000080000000, 0x0000000100000000)
  region size 1024K, 3 young (3072K), 3 survivors (3072K)
 Metaspace       used 1074K, committed 1216K, reserved 1114112K
  class space    used 82K, committed 128K, reserved 1048576K
}
Event: 1.720 GC heap before
{Heap before GC invocations=1 (full 0):
 garbage-first heap   total 258048K, used 41706K [0x0000000080000000, 0x0000000100000000)
  region size 1024K, 38 young (38912K), 3 survivors (3072K)
 Metaspace       used 4352K, committed 4544K, reserved 1114112K
  class space    used 551K, committed 640K, reserved 1048576K
}
Event: 1.726 GC heap after
{Heap after GC invocations=2 (full 0):
 garbage-first heap   total 258048K, used 10782K [0x0000000080000000, 0x0000000100000000)
  region size 1024K, 5 young (5120K), 5 survivors (5120K)
 Metaspace       used 4352K, committed 4544K, reserved 1114112K
  class space    used 551K, committed 640K, reserved 1048576K
}
Event: 2.700 GC heap before
{Heap before GC invocations=2 (full 0):
 garbage-first heap   total 258048K, used 61982K [0x0000000080000000, 0x0000000100000000)
  region size 1024K, 53 young (54272K), 5 survivors (5120K)
 Metaspace       used 5848K, committed 6144K, reserved 1114112K
  class space    used 779K, committed 896K, reserved 1048576K
}
Event: 2.707 GC heap after
{Heap after GC invocations=3 (full 0):
 garbage-first heap   total 258048K, used 17046K [0x0000000080000000, 0x0000000100000000)
  region size 1024K, 7 young (7168K), 7 survivors (7168K)
 Metaspace       used 5848K, committed 6144K, reserved 1114112K
  class space    used 779K, committed 896K, reserved 1048576K
}

Dll operation events (20 events):
Event: 0.136 Attempting to load shared library C:\Users\Ponglang\.vscode\extensions\redhat.java-1.56.0-win32-x64\jre\21.0.12.1-win32-x86_64\bin\nio.dll
Event: 0.137 Loaded shared library C:\Users\Ponglang\.vscode\extensions\redhat.java-1.56.0-win32-x64\jre\21.0.12.1-win32-x86_64\bin\nio.dll
Event: 0.140 Attempting to load shared library C:\Users\Ponglang\.vscode\extensions\redhat.java-1.56.0-win32-x64\jre\21.0.12.1-win32-x86_64\bin\zip.dll
Event: 0.140 Loaded shared library C:\Users\Ponglang\.vscode\extensions\redhat.java-1.56.0-win32-x64\jre\21.0.12.1-win32-x86_64\bin\zip.dll
Event: 0.534 Attempting to load shared library C:\Users\Ponglang\.vscode\extensions\redhat.java-1.56.0-win32-x64\jre\21.0.12.1-win32-x86_64\bin\jimage.dll
Event: 0.534 Loaded shared library C:\Users\Ponglang\.vscode\extensions\redhat.java-1.56.0-win32-x64\jre\21.0.12.1-win32-x86_64\bin\jimage.dll
Event: 0.787 Attempting to load shared library C:\Users\Ponglang\.vscode\extensions\redhat.java-1.56.0-win32-x64\jre\21.0.12.1-win32-x86_64\bin\verify.dll
Event: 0.788 Loaded shared library C:\Users\Ponglang\.vscode\extensions\redhat.java-1.56.0-win32-x64\jre\21.0.12.1-win32-x86_64\bin\verify.dll
Event: 1.005 Attempting to load shared library C:\Users\Ponglang\.gradle\native\c067742578af261105cb4f569cf0c3c89f3d7b1fecec35dd04571415982c5e48\windows-amd64\native-platform.dll
Event: 1.006 Loaded shared library C:\Users\Ponglang\.gradle\native\c067742578af261105cb4f569cf0c3c89f3d7b1fecec35dd04571415982c5e48\windows-amd64\native-platform.dll
Event: 1.016 Attempting to load shared library C:\Users\Ponglang\.gradle\native\100fb08df4bc3b14c8652ba06237920a3bd2aa13389f12d3474272988ae205f9\windows-amd64\native-platform-file-events.dll
Event: 1.031 Loaded shared library C:\Users\Ponglang\.gradle\native\100fb08df4bc3b14c8652ba06237920a3bd2aa13389f12d3474272988ae205f9\windows-amd64\native-platform-file-events.dll
Event: 2.781 Attempting to load shared library C:\Users\Ponglang\.vscode\extensions\redhat.java-1.56.0-win32-x64\jre\21.0.12.1-win32-x86_64\bin\management.dll
Event: 2.781 Loaded shared library C:\Users\Ponglang\.vscode\extensions\redhat.java-1.56.0-win32-x64\jre\21.0.12.1-win32-x86_64\bin\management.dll
Event: 2.786 Attempting to load shared library C:\Users\Ponglang\.vscode\extensions\redhat.java-1.56.0-win32-x64\jre\21.0.12.1-win32-x86_64\bin\management_ext.dll
Event: 2.787 Loaded shared library C:\Users\Ponglang\.vscode\extensions\redhat.java-1.56.0-win32-x64\jre\21.0.12.1-win32-x86_64\bin\management_ext.dll
Event: 3.419 Attempting to load shared library C:\Users\Ponglang\.vscode\extensions\redhat.java-1.56.0-win32-x64\jre\21.0.12.1-win32-x86_64\bin\extnet.dll
Event: 3.421 Loaded shared library C:\Users\Ponglang\.vscode\extensions\redhat.java-1.56.0-win32-x64\jre\21.0.12.1-win32-x86_64\bin\extnet.dll
Event: 4.228 Attempting to load shared library C:\Users\Ponglang\.vscode\extensions\redhat.java-1.56.0-win32-x64\jre\21.0.12.1-win32-x86_64\bin\sunmscapi.dll
Event: 4.235 Loaded shared library C:\Users\Ponglang\.vscode\extensions\redhat.java-1.56.0-win32-x64\jre\21.0.12.1-win32-x86_64\bin\sunmscapi.dll

Deoptimization events (20 events):
Event: 6.094 Thread 0x000002a1f30c38f0 Uncommon trap: trap_request=0xffffff45 fr.pc=0x000002a1e0416104 relative=0x00000000000001c4
Event: 6.094 Thread 0x000002a1f30c38f0 Uncommon trap: reason=unstable_if action=reinterpret pc=0x000002a1e0416104 method=java.util.regex.Matcher.reset()Ljava/util/regex/Matcher; @ 47 c2
Event: 6.094 Thread 0x000002a1f30c38f0 DEOPT PACKING pc=0x000002a1e0416104 sp=0x000000af197fad60
Event: 6.094 Thread 0x000002a1f30c38f0 DEOPT UNPACKING pc=0x000002a1dfea4422 sp=0x000000af197face8 mode 2
Event: 6.295 Thread 0x000002a1f30c38f0 Uncommon trap: trap_request=0xffffff45 fr.pc=0x000002a1e0419300 relative=0x0000000000000d00
Event: 6.295 Thread 0x000002a1f30c38f0 Uncommon trap: reason=unstable_if action=reinterpret pc=0x000002a1e0419300 method=java.io.WinNTFileSystem.resolve(Ljava/lang/String;Ljava/lang/String;)Ljava/lang/String; @ 19 c2
Event: 6.295 Thread 0x000002a1f30c38f0 DEOPT PACKING pc=0x000002a1e0419300 sp=0x000000af197fb490
Event: 6.295 Thread 0x000002a1f30c38f0 DEOPT UNPACKING pc=0x000002a1dfea4422 sp=0x000000af197fb428 mode 2
Event: 6.300 Thread 0x000002a1f30c38f0 Uncommon trap: trap_request=0xffffff45 fr.pc=0x000002a1e0436500 relative=0x0000000000000620
Event: 6.300 Thread 0x000002a1f30c38f0 Uncommon trap: reason=unstable_if action=reinterpret pc=0x000002a1e0436500 method=java.io.File.getName()Ljava/lang/String; @ 16 c2
Event: 6.300 Thread 0x000002a1f30c38f0 DEOPT PACKING pc=0x000002a1e0436500 sp=0x000000af197fb450
Event: 6.300 Thread 0x000002a1f30c38f0 DEOPT UNPACKING pc=0x000002a1dfea4422 sp=0x000000af197fb420 mode 2
Event: 6.490 Thread 0x000002a1f30c38f0 Uncommon trap: trap_request=0xffffff45 fr.pc=0x000002a1e041c014 relative=0x00000000000000f4
Event: 6.490 Thread 0x000002a1f30c38f0 Uncommon trap: reason=unstable_if action=reinterpret pc=0x000002a1e041c014 method=java.util.HashMap.hash(Ljava/lang/Object;)I @ 1 c2
Event: 6.490 Thread 0x000002a1f30c38f0 DEOPT PACKING pc=0x000002a1e041c014 sp=0x000000af197fc4b0
Event: 6.490 Thread 0x000002a1f30c38f0 DEOPT UNPACKING pc=0x000002a1dfea4422 sp=0x000000af197fc3f0 mode 2
Event: 6.611 Thread 0x000002a1f30c38f0 DEOPT PACKING pc=0x000002a1d8d75361 sp=0x000000af197fbf40
Event: 6.611 Thread 0x000002a1f30c38f0 DEOPT UNPACKING pc=0x000002a1dfea4bc2 sp=0x000000af197fb450 mode 0
Event: 6.699 Thread 0x000002a1f30c38f0 DEOPT PACKING pc=0x000002a1d8d75361 sp=0x000000af197fcd50
Event: 6.699 Thread 0x000002a1f30c38f0 DEOPT UNPACKING pc=0x000002a1dfea4bc2 sp=0x000000af197fc260 mode 0

Classes loaded (20 events):
Event: 6.796 Loading class java/lang/invoke/BoundMethodHandle$Species_LLLLLLLLLLLLLL
Event: 6.796 Loading class java/lang/invoke/BoundMethodHandle$Species_LLLLLLLLLLLLLL done
Event: 6.801 Loading class java/lang/invoke/BoundMethodHandle$Species_LLLLLLLLLLLLLLL
Event: 6.801 Loading class java/lang/invoke/BoundMethodHandle$Species_LLLLLLLLLLLLLLL done
Event: 6.804 Loading class java/lang/invoke/BoundMethodHandle$Species_LLLLLLLLLLLLLLLL
Event: 6.804 Loading class java/lang/invoke/BoundMethodHandle$Species_LLLLLLLLLLLLLLLL done
Event: 6.810 Loading class java/lang/invoke/BoundMethodHandle$Species_LLLLLLLLLLLLLLLLL
Event: 6.810 Loading class java/lang/invoke/BoundMethodHandle$Species_LLLLLLLLLLLLLLLLL done
Event: 6.814 Loading class java/lang/invoke/BoundMethodHandle$Species_LLLLLLLLLLLLLLLLLL
Event: 6.814 Loading class java/lang/invoke/BoundMethodHandle$Species_LLLLLLLLLLLLLLLLLL done
Event: 6.839 Loading class java/lang/invoke/BoundMethodHandle$Species_LLLLLLLLLLLLLLLLLLL
Event: 6.839 Loading class java/lang/invoke/BoundMethodHandle$Species_LLLLLLLLLLLLLLLLLLL done
Event: 6.847 Loading class java/lang/invoke/BoundMethodHandle$Species_LLLLLLLLLLLLLLLLLLLL
Event: 6.847 Loading class java/lang/invoke/BoundMethodHandle$Species_LLLLLLLLLLLLLLLLLLLL done
Event: 6.851 Loading class java/lang/invoke/BoundMethodHandle$Species_LLLLLLLLLLLLLLLLLLLLL
Event: 6.851 Loading class java/lang/invoke/BoundMethodHandle$Species_LLLLLLLLLLLLLLLLLLLLL done
Event: 6.854 Loading class java/lang/invoke/BoundMethodHandle$Species_LLLLLLLLLLLLLLLLLLLLLL
Event: 6.854 Loading class java/lang/invoke/BoundMethodHandle$Species_LLLLLLLLLLLLLLLLLLLLLL done
Event: 6.860 Loading class java/lang/invoke/BoundMethodHandle$Species_LLLLLLLLLLLLLLLLLLLLLLL
Event: 6.860 Loading class java/lang/invoke/BoundMethodHandle$Species_LLLLLLLLLLLLLLLLLLLLLLL done

Classes unloaded (0 events):
No events

Classes redefined (0 events):
No events

Internal exceptions (20 events):
Event: 5.956 Thread 0x000002a1f30c38f0 Exception <a 'java/lang/NoSuchMethodError'{0x000000008d41a018}: 'void java.lang.invoke.DirectMethodHandle$Holder.invokeInterface(java.lang.Object, java.lang.Object)'> (0x000000008d41a018) 
thrown [s\src\hotspot\share\interpreter\linkResolver.cpp, line 773]
Event: 5.957 Thread 0x000002a1f30c38f0 Exception <a 'java/lang/IncompatibleClassChangeError'{0x000000008d41d598}: Found class java.lang.Object, but interface was expected> (0x000000008d41d598) 
thrown [s\src\hotspot\share\interpreter\linkResolver.cpp, line 840]
Event: 6.003 Thread 0x000002a1f30c38f0 Exception <a 'java/lang/NoSuchMethodError'{0x000000008d33f180}: 'java.lang.Object java.lang.invoke.DirectMethodHandle$Holder.newInvokeSpecial(java.lang.Object, java.lang.Object, int)'> (0x000000008d33f180) 
thrown [s\src\hotspot\share\interpreter\linkResolver.cpp, line 773]
Event: 6.216 Thread 0x000002a1f30c38f0 Exception <a 'java/lang/NoSuchMethodError'{0x000000008cf99480}: 'java.lang.Object java.lang.invoke.DirectMethodHandle$Holder.invokeVirtual(java.lang.Object, java.lang.Object, java.lang.Object, java.lang.Object, java.lang.Object, java.lang.Object, java.lang.Object, java.lang.Object)'> (0x000000008cf99480) 
thrown [s\src\hotspot\share\interpreter\linkResolver.cpp, line 773]
Event: 6.437 Thread 0x000002a1f30c38f0 Exception <a 'java/lang/NoSuchMethodError'{0x000000008cc07060}: 'int java.lang.invoke.DirectMethodHandle$Holder.invokeSpecialIFC(java.lang.Object, java.lang.Object, java.lang.Object, java.lang.Object)'> (0x000000008cc07060) 
thrown [s\src\hotspot\share\interpreter\linkResolver.cpp, line 773]
Event: 6.439 Thread 0x000002a1f30c38f0 Exception <a 'java/lang/NoSuchMethodError'{0x000000008cc147a8}: 'java.lang.Object java.lang.invoke.DirectMethodHandle$Holder.invokeInterface(java.lang.Object, java.lang.Object, java.lang.Object)'> (0x000000008cc147a8) 
thrown [s\src\hotspot\share\interpreter\linkResolver.cpp, line 773]
Event: 6.440 Thread 0x000002a1f30c38f0 Exception <a 'java/lang/IncompatibleClassChangeError'{0x000000008cc183c0}: Found class java.lang.Object, but interface was expected> (0x000000008cc183c0) 
thrown [s\src\hotspot\share\interpreter\linkResolver.cpp, line 840]
Event: 6.490 Thread 0x000002a1f30c38f0 Implicit null exception at 0x000002a1e041bf66 to 0x000002a1e041c00a
Event: 6.534 Thread 0x000002a1f30c38f0 Exception <a 'java/lang/NoSuchMethodError'{0x000000008cbfcd08}: 'int java.lang.invoke.DirectMethodHandle$Holder.invokeStatic(java.lang.Object, java.lang.Object, java.lang.Object, java.lang.Object)'> (0x000000008cbfcd08) 
thrown [s\src\hotspot\share\interpreter\linkResolver.cpp, line 773]
Event: 6.787 Thread 0x000002a1f30c38f0 Exception <a 'java/lang/NoSuchMethodError'{0x000000008c9e8308}: 'java.lang.Object java.lang.invoke.DelegatingMethodHandle$Holder.reinvoke_L(java.lang.Object, java.lang.Object, java.lang.Object, java.lang.Object, java.lang.Object, java.lang.Object, java.lang.Object, java.lang.Object, java.lang.Object, java.lang.Object, java.lang.Object, java.lang.Object, java.lang.Object, java.lang.Object, java.lang.Object, java.lang.Object, java.lang.Object, java.lang.Object, java.lang.Object, java.lang.Object, java.lang.O
Event: 6.799 Thread 0x000002a1f30c38f0 Exception <a 'java/lang/NoSuchMethodError'{0x000000008c855a60}: 'java.lang.Object java.lang.invoke.DirectMethodHandle$Holder.invokeStatic(java.lang.Object, java.lang.Object, java.lang.Object, java.lang.Object, java.lang.Object, java.lang.Object, java.lang.Object, java.lang.Object, java.lang.Object, java.lang.Object, java.lang.Object, java.lang.Object, java.lang.Object, java.lang.Object, java.lang.Object, java.lang.Object, java.lang.Object)'> (0x000000008c855a60) 
thrown [s\src\hotspot\share\interpreter\lin
Event: 6.803 Thread 0x000002a1f30c38f0 Exception <a 'java/lang/NoSuchMethodError'{0x000000008c87e7f0}: 'java.lang.Object java.lang.invoke.DirectMethodHandle$Holder.invokeStatic(java.lang.Object, java.lang.Object, java.lang.Object, java.lang.Object, java.lang.Object, java.lang.Object, java.lang.Object, java.lang.Object, java.lang.Object, java.lang.Object, java.lang.Object, java.lang.Object, java.lang.Object, java.lang.Object, java.lang.Object, java.lang.Object, java.lang.Object, java.lang.Object)'> (0x000000008c87e7f0) 
thrown [s\src\hotspot\sha
Event: 6.806 Thread 0x000002a1f30c38f0 Exception <a 'java/lang/NoSuchMethodError'{0x000000008c8a8af8}: 'java.lang.Object java.lang.invoke.DirectMethodHandle$Holder.invokeStatic(java.lang.Object, java.lang.Object, java.lang.Object, java.lang.Object, java.lang.Object, java.lang.Object, java.lang.Object, java.lang.Object, java.lang.Object, java.lang.Object, java.lang.Object, java.lang.Object, java.lang.Object, java.lang.Object, java.lang.Object, java.lang.Object, java.lang.Object, java.lang.Object, java.lang.Object)'> (0x000000008c8a8af8) 
thrown 
Event: 6.812 Thread 0x000002a1f30c38f0 Exception <a 'java/lang/NoSuchMethodError'{0x000000008c8d3fe8}: 'java.lang.Object java.lang.invoke.DirectMethodHandle$Holder.invokeStatic(java.lang.Object, java.lang.Object, java.lang.Object, java.lang.Object, java.lang.Object, java.lang.Object, java.lang.Object, java.lang.Object, java.lang.Object, java.lang.Object, java.lang.Object, java.lang.Object, java.lang.Object, java.lang.Object, java.lang.Object, java.lang.Object, java.lang.Object, java.lang.Object, java.lang.Object, java.lang.Object)'> (0x00000000
Event: 6.838 Thread 0x000002a1f30c38f0 Exception <a 'java/lang/NoSuchMethodError'{0x000000008c700928}: 'java.lang.Object java.lang.invoke.DirectMethodHandle$Holder.invokeStatic(java.lang.Object, java.lang.Object, java.lang.Object, java.lang.Object, java.lang.Object, java.lang.Object, java.lang.Object, java.lang.Object, java.lang.Object, java.lang.Object, java.lang.Object, java.lang.Object, java.lang.Object, java.lang.Object, java.lang.Object, java.lang.Object, java.lang.Object, java.lang.Object, java.lang.Object, java.lang.Object, java.lang.Obj
Event: 6.843 Thread 0x000002a1f30c38f0 Exception <a 'java/lang/NoSuchMethodError'{0x000000008c72e108}: 'java.lang.Object java.lang.invoke.DirectMethodHandle$Holder.invokeStatic(java.lang.Object, java.lang.Object, java.lang.Object, java.lang.Object, java.lang.Object, java.lang.Object, java.lang.Object, java.lang.Object, java.lang.Object, java.lang.Object, java.lang.Object, java.lang.Object, java.lang.Object, java.lang.Object, java.lang.Object, java.lang.Object, java.lang.Object, java.lang.Object, java.lang.Object, java.lang.Object, java.lang.Obj
Event: 6.849 Thread 0x000002a1f30c38f0 Exception <a 'java/lang/NoSuchMethodError'{0x000000008c75c400}: 'java.lang.Object java.lang.invoke.DirectMethodHandle$Holder.invokeStatic(java.lang.Object, java.lang.Object, java.lang.Object, java.lang.Object, java.lang.Object, java.lang.Object, java.lang.Object, java.lang.Object, java.lang.Object, java.lang.Object, java.lang.Object, java.lang.Object, java.lang.Object, java.lang.Object, java.lang.Object, java.lang.Object, java.lang.Object, java.lang.Object, java.lang.Object, java.lang.Object, java.lang.Obj
Event: 6.853 Thread 0x000002a1f30c38f0 Exception <a 'java/lang/NoSuchMethodError'{0x000000008c78b8c0}: 'java.lang.Object java.lang.invoke.DirectMethodHandle$Holder.invokeStatic(java.lang.Object, java.lang.Object, java.lang.Object, java.lang.Object, java.lang.Object, java.lang.Object, java.lang.Object, java.lang.Object, java.lang.Object, java.lang.Object, java.lang.Object, java.lang.Object, java.lang.Object, java.lang.Object, java.lang.Object, java.lang.Object, java.lang.Object, java.lang.Object, java.lang.Object, java.lang.Object, java.lang.Obj
Event: 6.855 Thread 0x000002a1f30c38f0 Exception <a 'java/lang/NoSuchMethodError'{0x000000008c7bb6a0}: 'java.lang.Object java.lang.invoke.DirectMethodHandle$Holder.invokeStatic(java.lang.Object, java.lang.Object, java.lang.Object, java.lang.Object, java.lang.Object, java.lang.Object, java.lang.Object, java.lang.Object, java.lang.Object, java.lang.Object, java.lang.Object, java.lang.Object, java.lang.Object, java.lang.Object, java.lang.Object, java.lang.Object, java.lang.Object, java.lang.Object, java.lang.Object, java.lang.Object, java.lang.Obj
Event: 6.862 Thread 0x000002a1f30c38f0 Exception <a 'java/lang/NoSuchMethodError'{0x000000008c7ecde0}: 'java.lang.Object java.lang.invoke.DirectMethodHandle$Holder.invokeStatic(java.lang.Object, java.lang.Object, java.lang.Object, java.lang.Object, java.lang.Object, java.lang.Object, java.lang.Object, java.lang.Object, java.lang.Object, java.lang.Object, java.lang.Object, java.lang.Object, java.lang.Object, java.lang.Object, java.lang.Object, java.lang.Object, java.lang.Object, java.lang.Object, java.lang.Object, java.lang.Object, java.lang.Obj

ZGC Phase Switch (0 events):
No events

VM Operations (20 events):
Event: 2.837 Executing non-safepoint VM operation: HandshakeAllThreads (Deoptimize)
Event: 2.837 Executing non-safepoint VM operation: HandshakeAllThreads (Deoptimize) done
Event: 2.921 Executing non-safepoint VM operation: HandshakeAllThreads (Deoptimize)
Event: 2.921 Executing non-safepoint VM operation: HandshakeAllThreads (Deoptimize) done
Event: 3.068 Executing non-safepoint VM operation: HandshakeAllThreads (Deoptimize)
Event: 3.068 Executing non-safepoint VM operation: HandshakeAllThreads (Deoptimize) done
Event: 3.221 Executing non-safepoint VM operation: HandshakeAllThreads (Deoptimize)
Event: 3.221 Executing non-safepoint VM operation: HandshakeAllThreads (Deoptimize) done
Event: 3.350 Executing non-safepoint VM operation: HandshakeAllThreads (Deoptimize)
Event: 3.350 Executing non-safepoint VM operation: HandshakeAllThreads (Deoptimize) done
Event: 4.000 Executing non-safepoint VM operation: HandshakeAllThreads (Deoptimize)
Event: 4.000 Executing non-safepoint VM operation: HandshakeAllThreads (Deoptimize) done
Event: 4.000 Executing safepoint VM operation: Cleanup
Event: 4.000 Executing safepoint VM operation: Cleanup done
Event: 4.255 Executing non-safepoint VM operation: HandshakeAllThreads (Deoptimize)
Event: 4.255 Executing non-safepoint VM operation: HandshakeAllThreads (Deoptimize) done
Event: 5.255 Executing safepoint VM operation: Cleanup
Event: 5.255 Executing safepoint VM operation: Cleanup done
Event: 6.000 Executing non-safepoint VM operation: HandshakeAllThreads (Deoptimize)
Event: 6.001 Executing non-safepoint VM operation: HandshakeAllThreads (Deoptimize) done

Memory protections (0 events):
No events

Nmethod flushes (0 events):
No events

Events (20 events):
Event: 0.055 Thread 0x000002a1d5727400 Thread added: 0x000002a1ed2d0750
Event: 0.056 Thread 0x000002a1d5727400 Thread added: 0x000002a1ed2d3870
Event: 0.056 Thread 0x000002a1d5727400 Thread added: 0x000002a1ed302940
Event: 0.056 Thread 0x000002a1d5727400 Thread added: 0x000002a1ed307930
Event: 0.057 Thread 0x000002a1d5727400 Thread added: 0x000002a1ed309350
Event: 0.128 Thread 0x000002a1d5727400 Thread added: 0x000002a1ed577dd0
Event: 0.157 Thread 0x000002a1d5727400 Thread added: 0x000002a1ed610970
Event: 2.838 Thread 0x000002a1d5727400 Thread added: 0x000002a1f2fd7c90
Event: 3.930 Thread 0x000002a1d5727400 Thread added: 0x000002a1f2ec87f0
Event: 4.142 Thread 0x000002a1d5727400 Thread added: 0x000002a1f2edc900
Event: 4.388 Thread 0x000002a1f2ec87f0 Thread added: 0x000002a1f3052060
Event: 4.397 Thread 0x000002a1f3052060 Thread added: 0x000002a1f3044460
Event: 4.495 Thread 0x000002a1f3052060 Thread added: 0x000002a1f30ab470
Event: 4.513 Thread 0x000002a1f3052060 Thread added: 0x000002a1f30c38f0
Event: 4.537 Thread 0x000002a1f30c38f0 Thread added: 0x000002a1f30c2bd0
Event: 4.558 Thread 0x000002a1f30c38f0 Thread added: 0x000002a1f30c1eb0
Event: 4.578 Thread 0x000002a1f30c38f0 Thread added: 0x000002a1f30c0470
Event: 6.001 Thread 0x000002a1f30c38f0 Thread added: 0x000002a1f30c1820
Event: 6.016 Thread 0x000002a1f30c38f0 Thread added: 0x000002a1f30c2540
Event: 6.156 Thread 0x000002a1f30c38f0 Thread added: 0x000002a1f30c3260


Dynamic libraries:
0x00007ff733680000 - 0x00007ff73368e000 	C:\Users\Ponglang\.vscode\extensions\redhat.java-1.56.0-win32-x64\jre\21.0.12.1-win32-x86_64\bin\java.exe
0x00007ff9fc5a0000 - 0x00007ff9fc807000 	C:\WINDOWS\SYSTEM32\ntdll.dll
0x00007ff9fa560000 - 0x00007ff9fa62b000 	C:\WINDOWS\System32\KERNEL32.DLL
0x00007ff9f9be0000 - 0x00007ff9f9fe2000 	C:\WINDOWS\System32\KERNELBASE.dll
0x00007ff9f9ff0000 - 0x00007ff9fa13c000 	C:\WINDOWS\System32\ucrtbase.dll
0x00007ff9e3550000 - 0x00007ff9e3568000 	C:\Users\Ponglang\.vscode\extensions\redhat.java-1.56.0-win32-x64\jre\21.0.12.1-win32-x86_64\bin\jli.dll
0x00007ff9ef500000 - 0x00007ff9ef51e000 	C:\Users\Ponglang\.vscode\extensions\redhat.java-1.56.0-win32-x64\jre\21.0.12.1-win32-x86_64\bin\VCRUNTIME140.dll
0x00007ff9fa630000 - 0x00007ff9fa7ff000 	C:\WINDOWS\System32\USER32.dll
0x00007ff9d7380000 - 0x00007ff9d7610000 	C:\WINDOWS\WinSxS\amd64_microsoft.windows.common-controls_6595b64144ccf1df_6.0.26100.9278_none_3e0d1ba8e3303201\COMCTL32.dll
0x00007ff9f98f0000 - 0x00007ff9f9917000 	C:\WINDOWS\System32\win32u.dll
0x00007ff9fc4b0000 - 0x00007ff9fc559000 	C:\WINDOWS\System32\msvcrt.dll
0x00007ff9fb550000 - 0x00007ff9fb57b000 	C:\WINDOWS\System32\GDI32.dll
0x00007ff9f9920000 - 0x00007ff9f9a49000 	C:\WINDOWS\System32\gdi32full.dll
0x00007ff9fa150000 - 0x00007ff9fa1f3000 	C:\WINDOWS\System32\msvcp_win.dll
0x00007ff9fa810000 - 0x00007ff9fa841000 	C:\WINDOWS\System32\IMM32.DLL
0x00007ff9ef4f0000 - 0x00007ff9ef4fc000 	C:\Users\Ponglang\.vscode\extensions\redhat.java-1.56.0-win32-x64\jre\21.0.12.1-win32-x86_64\bin\vcruntime140_1.dll
0x00007ff9ddec0000 - 0x00007ff9ddf4d000 	C:\Users\Ponglang\.vscode\extensions\redhat.java-1.56.0-win32-x64\jre\21.0.12.1-win32-x86_64\bin\msvcp140.dll
0x00007ff902000000 - 0x00007ff902da2000 	C:\Users\Ponglang\.vscode\extensions\redhat.java-1.56.0-win32-x64\jre\21.0.12.1-win32-x86_64\bin\server\jvm.dll
0x00007ff9fa9a0000 - 0x00007ff9faa5c000 	C:\WINDOWS\System32\ADVAPI32.dll
0x00007ff9fa420000 - 0x00007ff9fa4c9000 	C:\WINDOWS\System32\sechost.dll
0x00007ff9faf50000 - 0x00007ff9fb068000 	C:\WINDOWS\System32\RPCRT4.dll
0x00007ff9fa8c0000 - 0x00007ff9fa940000 	C:\WINDOWS\System32\WS2_32.dll
0x00007ff9f35d0000 - 0x00007ff9f3606000 	C:\WINDOWS\SYSTEM32\WINMM.dll
0x00007ff9f95f0000 - 0x00007ff9f964e000 	C:\WINDOWS\SYSTEM32\POWRPROF.dll
0x00007ff9d83c0000 - 0x00007ff9d83cb000 	C:\WINDOWS\SYSTEM32\VERSION.dll
0x00007ff9f95d0000 - 0x00007ff9f95e5000 	C:\WINDOWS\SYSTEM32\UMPDC.dll
0x00007ff9f8430000 - 0x00007ff9f844b000 	C:\WINDOWS\SYSTEM32\kernel.appcore.dll
0x00007ff9e3540000 - 0x00007ff9e354a000 	C:\Users\Ponglang\.vscode\extensions\redhat.java-1.56.0-win32-x64\jre\21.0.12.1-win32-x86_64\bin\jimage.dll
0x00007ff9f6ba0000 - 0x00007ff9f6dec000 	C:\WINDOWS\SYSTEM32\DBGHELP.DLL
0x00007ff9fb1c0000 - 0x00007ff9fb545000 	C:\WINDOWS\System32\combase.dll
0x00007ff9faaf0000 - 0x00007ff9fabc9000 	C:\WINDOWS\System32\OLEAUT32.dll
0x00007ff9e35f0000 - 0x00007ff9e362b000 	C:\WINDOWS\SYSTEM32\dbgcore.DLL
0x00007ff9fa200000 - 0x00007ff9fa2ac000 	C:\WINDOWS\System32\bcryptPrimitives.dll
0x00007ff9e08b0000 - 0x00007ff9e08bf000 	C:\Users\Ponglang\.vscode\extensions\redhat.java-1.56.0-win32-x64\jre\21.0.12.1-win32-x86_64\bin\instrument.dll
0x00007ff9de260000 - 0x00007ff9de280000 	C:\Users\Ponglang\.vscode\extensions\redhat.java-1.56.0-win32-x64\jre\21.0.12.1-win32-x86_64\bin\java.dll
0x00007ff9fbd10000 - 0x00007ff9fc4a8000 	C:\WINDOWS\System32\SHELL32.dll
0x00007ff9f71c0000 - 0x00007ff9f7a6e000 	C:\WINDOWS\SYSTEM32\windows.storage.dll
0x00007ff9fa320000 - 0x00007ff9fa41b000 	C:\WINDOWS\System32\SHCORE.dll
0x00007ff9fa850000 - 0x00007ff9fa8b6000 	C:\WINDOWS\System32\shlwapi.dll
0x00007ff9f96c0000 - 0x00007ff9f96e9000 	C:\WINDOWS\SYSTEM32\profapi.dll
0x00007ff9de240000 - 0x00007ff9de258000 	C:\Users\Ponglang\.vscode\extensions\redhat.java-1.56.0-win32-x64\jre\21.0.12.1-win32-x86_64\bin\zip.dll
0x00007ff9e3530000 - 0x00007ff9e3540000 	C:\Users\Ponglang\.vscode\extensions\redhat.java-1.56.0-win32-x64\jre\21.0.12.1-win32-x86_64\bin\net.dll
0x00007ff9f2200000 - 0x00007ff9f232a000 	C:\WINDOWS\SYSTEM32\WINHTTP.dll
0x00007ff9f89d0000 - 0x00007ff9f8a3c000 	C:\WINDOWS\system32\mswsock.dll
0x00007ff9dde30000 - 0x00007ff9dde46000 	C:\Users\Ponglang\.vscode\extensions\redhat.java-1.56.0-win32-x64\jre\21.0.12.1-win32-x86_64\bin\nio.dll
0x00007ff9de230000 - 0x00007ff9de240000 	C:\Users\Ponglang\.vscode\extensions\redhat.java-1.56.0-win32-x64\jre\21.0.12.1-win32-x86_64\bin\verify.dll
0x00007ff9de070000 - 0x00007ff9de097000 	C:\Users\Ponglang\.gradle\native\c067742578af261105cb4f569cf0c3c89f3d7b1fecec35dd04571415982c5e48\windows-amd64\native-platform.dll
0x00007ff951200000 - 0x00007ff951344000 	C:\Users\Ponglang\.gradle\native\100fb08df4bc3b14c8652ba06237920a3bd2aa13389f12d3474272988ae205f9\windows-amd64\native-platform-file-events.dll
0x00007ff9ddfb0000 - 0x00007ff9ddfba000 	C:\Users\Ponglang\.vscode\extensions\redhat.java-1.56.0-win32-x64\jre\21.0.12.1-win32-x86_64\bin\management.dll
0x00007ff9ddfa0000 - 0x00007ff9ddfac000 	C:\Users\Ponglang\.vscode\extensions\redhat.java-1.56.0-win32-x64\jre\21.0.12.1-win32-x86_64\bin\management_ext.dll
0x00007ff9fa2e0000 - 0x00007ff9fa2e8000 	C:\WINDOWS\System32\PSAPI.DLL
0x00007ff9f8df0000 - 0x00007ff9f8e0b000 	C:\WINDOWS\SYSTEM32\CRYPTSP.dll
0x00007ff9f8390000 - 0x00007ff9f83c9000 	C:\WINDOWS\system32\rsaenh.dll
0x00007ff9f8a80000 - 0x00007ff9f8ab4000 	C:\WINDOWS\SYSTEM32\USERENV.dll
0x00007ff9f9690000 - 0x00007ff9f96ba000 	C:\WINDOWS\SYSTEM32\bcrypt.dll
0x00007ff9f8c30000 - 0x00007ff9f8c3c000 	C:\WINDOWS\SYSTEM32\CRYPTBASE.dll
0x00007ff9f7de0000 - 0x00007ff9f7e13000 	C:\WINDOWS\SYSTEM32\IPHLPAPI.DLL
0x00007ff9fb150000 - 0x00007ff9fb15a000 	C:\WINDOWS\System32\NSI.dll
0x00007ff9dde20000 - 0x00007ff9dde29000 	C:\Users\Ponglang\.vscode\extensions\redhat.java-1.56.0-win32-x64\jre\21.0.12.1-win32-x86_64\bin\extnet.dll
0x00007ff9dddc0000 - 0x00007ff9dddce000 	C:\Users\Ponglang\.vscode\extensions\redhat.java-1.56.0-win32-x64\jre\21.0.12.1-win32-x86_64\bin\sunmscapi.dll
0x00007ff9f9a50000 - 0x00007ff9f9bce000 	C:\WINDOWS\System32\CRYPT32.dll
0x00007ff9f8f60000 - 0x00007ff9f8f90000 	C:\WINDOWS\SYSTEM32\ncrypt.dll
0x00007ff9f8f10000 - 0x00007ff9f8f4f000 	C:\WINDOWS\SYSTEM32\NTASN1.dll
0x00007ff9d82d0000 - 0x00007ff9d82d8000 	C:\WINDOWS\system32\wshunix.dll

JVMTI agents:
C:\Users\Ponglang\.gradle\wrapper\dists\gradle-8.11.1-bin\bpt9gzteqjrbo1mjrsomdt32c\gradle-8.11.1\lib\agents\gradle-instrumentation-agent-8.11.1.jar path:C:\Users\Ponglang\.vscode\extensions\redhat.java-1.56.0-win32-x64\jre\21.0.12.1-win32-x86_64\bin\instrument.dll, loaded, initialized, instrumentlib options:none

dbghelp: loaded successfully - version: 4.0.5 - missing functions: none
symbol engine: initialized successfully - sym options: 0x614 - pdb path: .;C:\Users\Ponglang\.vscode\extensions\redhat.java-1.56.0-win32-x64\jre\21.0.12.1-win32-x86_64\bin;C:\WINDOWS\SYSTEM32;C:\WINDOWS\WinSxS\amd64_microsoft.windows.common-controls_6595b64144ccf1df_6.0.26100.9278_none_3e0d1ba8e3303201;C:\Users\Ponglang\.vscode\extensions\redhat.java-1.56.0-win32-x64\jre\21.0.12.1-win32-x86_64\bin\server;C:\Users\Ponglang\.gradle\native\c067742578af261105cb4f569cf0c3c89f3d7b1fecec35dd04571415982c5e48\windows-amd64;C:\Users\Ponglang\.gradle\native\100fb08df4bc3b14c8652ba06237920a3bd2aa13389f12d3474272988ae205f9\windows-amd64

VM Arguments:
jvm_args: --add-opens=java.base/java.lang=ALL-UNNAMED --add-opens=java.base/java.lang.invoke=ALL-UNNAMED --add-opens=java.base/java.util=ALL-UNNAMED --add-opens=java.prefs/java.util.prefs=ALL-UNNAMED --add-exports=jdk.compiler/com.sun.tools.javac.api=ALL-UNNAMED --add-exports=jdk.compiler/com.sun.tools.javac.util=ALL-UNNAMED --add-opens=java.base/java.util=ALL-UNNAMED --add-opens=java.prefs/java.util.prefs=ALL-UNNAMED --add-opens=java.base/java.nio.charset=ALL-UNNAMED --add-opens=java.base/java.net=ALL-UNNAMED --add-opens=java.base/java.util.concurrent.atomic=ALL-UNNAMED --add-opens=java.xml/javax.xml.namespace=ALL-UNNAMED -Xmx2048m -Dfile.encoding=UTF-8 -Duser.country=US -Duser.language=en -Duser.variant -javaagent:C:\Users\Ponglang\.gradle\wrapper\dists\gradle-8.11.1-bin\bpt9gzteqjrbo1mjrsomdt32c\gradle-8.11.1\lib\agents\gradle-instrumentation-agent-8.11.1.jar 
java_command: org.gradle.launcher.daemon.bootstrap.GradleDaemon 8.11.1
java_class_path (initial): C:\Users\Ponglang\.gradle\wrapper\dists\gradle-8.11.1-bin\bpt9gzteqjrbo1mjrsomdt32c\gradle-8.11.1\lib\gradle-daemon-main-8.11.1.jar
Launcher Type: SUN_STANDARD

[Global flags]
     intx CICompilerCount                          = 4                                         {product} {ergonomic}
     uint ConcGCThreads                            = 3                                         {product} {ergonomic}
     uint G1ConcRefinementThreads                  = 10                                        {product} {ergonomic}
   size_t G1HeapRegionSize                         = 1048576                                   {product} {ergonomic}
    uintx GCDrainStackTargetSize                   = 64                                        {product} {ergonomic}
   size_t InitialHeapSize                          = 264241152                                 {product} {ergonomic}
   size_t MarkStackSize                            = 4194304                                   {product} {ergonomic}
   size_t MaxHeapSize                              = 2147483648                                {product} {command line}
   size_t MaxNewSize                               = 1287651328                                {product} {ergonomic}
   size_t MinHeapDeltaBytes                        = 1048576                                   {product} {ergonomic}
   size_t MinHeapSize                              = 8388608                                   {product} {ergonomic}
    uintx NonNMethodCodeHeapSize                   = 5839372                                {pd product} {ergonomic}
    uintx NonProfiledCodeHeapSize                  = 122909434                              {pd product} {ergonomic}
    uintx ProfiledCodeHeapSize                     = 122909434                              {pd product} {ergonomic}
    uintx ReservedCodeCacheSize                    = 251658240                              {pd product} {ergonomic}
     bool SegmentedCodeCache                       = true                                      {product} {ergonomic}
   size_t SoftMaxHeapSize                          = 2147483648                             {manageable} {ergonomic}
     bool UseCompressedOops                        = true                           {product lp64_product} {ergonomic}
     bool UseG1GC                                  = true                                      {product} {ergonomic}
     bool UseLargePagesIndividualAllocation        = false                                  {pd product} {ergonomic}

Logging:
Log output configuration:
 #0: stdout all=warning uptime,level,tags foldmultilines=false
 #1: stderr all=off uptime,level,tags foldmultilines=false

Release file:
JAVA_VERSION="21.0.12.1" 
MODULES="java.base java.compiler java.datatransfer java.xml java.prefs java.desktop java.instrument java.logging java.management java.security.sasl java.naming java.rmi java.management.rmi java.net.http java.scripting java.security.jgss java.transaction.xa java.sql java.sql.rowset java.xml.crypto java.se java.smartcardio jdk.accessibility jdk.internal.jvmstat jdk.attach jdk.charsets jdk.internal.opt jdk.zipfs jdk.compiler jdk.crypto.ec jdk.crypto.cryptoki jdk.crypto.mscapi jdk.dynalink jdk.internal.ed jdk.editpad jdk.hotspot.agent jdk.httpserver jdk.internal.le jdk.internal.vm.ci jdk.internal.vm.compiler jdk.internal.vm.compiler.management jdk.jartool jdk.javadoc jdk.jcmd jdk.management jdk.management.agent jdk.jconsole jdk.jdeps jdk.jdwp.agent jdk.jdi jdk.jfr jdk.jshell jdk.jsobject jdk.jstatd jdk.localedata jdk.management.jfr jdk.naming.dns jdk.naming.rmi jdk.net jdk.nio.mapmode jdk.random jdk.sctp jdk.security.auth jdk.security.jgss jdk.unsupported jdk.unsupported.desktop jdk.xml.dom" 

Environment Variables:
JAVA_HOME=C:\Program Files\Java\jdk-17
PATH=C:\Program Files\Common Files\Oracle\Java\javapath;C:\Program Files (x86)\Common Files\Oracle\Java\java8path;C:\Program Files (x86)\Common Files\Oracle\Java\javapath;C:\WINDOWS\system32;C:\WINDOWS;C:\WINDOWS\System32\Wbem;C:\WINDOWS\System32\WindowsPowerShell\v1.0\;C:\WINDOWS\System32\OpenSSH\;C:\Program Files\Git\cmd;C:\Program Files\Java\jdk-21\;C:\Users\Ponglang\AppData\Local\Pub\Cache\bin;C:\Program Files\dotnet\;C:\Users\Ponglang\AppData\Local\Android\Sdk\cmdline-tools\latest\bin;C:\ProgramData\chocolatey\bin;C:\Program Files\nodejs\;C:\Program Files\Java\jdk-17\bin;C:\Program Files\Java\jdk-21\\bin;C:\Program Files\Java\jdk-21\\lib;C:\Program Files\Java\jdk-21\\include;C:\Users\Ponglang\scoop\apps\git\current\cmd;C:\Users\Ponglang\scoop\shims;C:\Program Files\Java\jdk-17\bin;C:\Users\Ponglang\AppData\Local\jdk-11.0.2\bin;C:\Users\Ponglang\AppData\Local\jdk-11.0.2\bin;C:\Users\Ponglang\AppData\Local\Android\Sdk\platform-tools;C:\Users\Ponglang\AppData\Local\Android\Sdk\tools;C:\Users\Ponglang\AppData\Local\Android\Sdk\platform-tools;C:\Users\Ponglang\AppData\Local\Android\Sdk\tools;C:\Users\Ponglang\AppData\Local\Microsoft\WindowsApps;C:\Users\Ponglang\AppData\Local\Programs\Microsoft VS Code\bin;C:\development\platform-tools-latest-windows\platform-tools;C:\Users\Ponglang\.bun\bin;C:\Users\Ponglang\AppData\Local\Pub\Cache\bin;C:\Users\Ponglang\.dotnet\tools;C:\Program Files\dotnet;C:\Users\Ponglang\AppData\Local\Android\Sdk\cmdline-tools\latest\bin;C:\Users\Ponglang\AppData\Roaming\npm;C:\Users\Ponglang\AppData\Local\Android\Sdk\build-tools\30.0.3;C:\Program Files\Java\jdk-21\;C:\Program Files\Git\cmd;C:\tools\dart-sdk\bin;C:\Users\Ponglang\AppData\Local\Programs\Antigravity\bin;D:\development\flutter_windows_3.44.4-stable\flutter\bin;C:\Users\Ponglang\AppData\Local\Microsoft\WinGet\Packages\Ngrok.Ngrok_Microsoft.Winget.Source_8wekyb3d8bbwe;C:\Users\Ponglang\AppData\Local\Programs\Antigravity IDE\bin;C:\Users\Ponglang\AppData\Local\Google\Cloud SDK\google-cloud-sdk\bin
USERNAME=Ponglang
OS=Windows_NT
PROCESSOR_IDENTIFIER=Intel64 Family 6 Model 186 Stepping 3, GenuineIntel
TMP=C:\Users\Ponglang\AppData\Local\Temp
TEMP=C:\Users\Ponglang\AppData\Local\Temp




Periodic native trim disabled

---------------  S Y S T E M  ---------------

OS:
 Windows 11 , 64 bit Build 26100 (10.0.26100.9444)
OS uptime: 0 days 1:08 hours
Hyper-V role detected

CPU: total 12 (initial active 12) (6 cores per cpu, 2 threads per core) family 6 model 186 stepping 3 microcode 0x4121, cx8, cmov, fxsr, ht, mmx, 3dnowpref, sse, sse2, sse3, ssse3, sse4.1, sse4.2, popcnt, lzcnt, tsc, tscinvbit, avx, avx2, aes, erms, clmul, bmi1, bmi2, adx, sha, fma, vzeroupper, clflush, clflushopt, clwb, hv, serialize, rdtscp, rdpid, fsrm, f16c, cet_ibt, cet_ss
Processor Information for processor 0
  Max Mhz: 1700, Current Mhz: 1700, Mhz Limit: 1700
Processor Information for processor 1
  Max Mhz: 1700, Current Mhz: 1700, Mhz Limit: 1700
Processor Information for processor 2
  Max Mhz: 1700, Current Mhz: 1700, Mhz Limit: 1700
Processor Information for processor 3
  Max Mhz: 1700, Current Mhz: 1700, Mhz Limit: 1700
Processor Information for processor 4
  Max Mhz: 1700, Current Mhz: 1200, Mhz Limit: 1190
Processor Information for processor 5
  Max Mhz: 1700, Current Mhz: 1200, Mhz Limit: 1190
Processor Information for processor 6
  Max Mhz: 1700, Current Mhz: 1200, Mhz Limit: 1190
Processor Information for processor 7
  Max Mhz: 1700, Current Mhz: 1200, Mhz Limit: 1190
Processor Information for processor 8
  Max Mhz: 1700, Current Mhz: 1200, Mhz Limit: 1190
Processor Information for processor 9
  Max Mhz: 1700, Current Mhz: 1200, Mhz Limit: 1190
Processor Information for processor 10
  Max Mhz: 1700, Current Mhz: 1200, Mhz Limit: 1190
Processor Information for processor 11
  Max Mhz: 1700, Current Mhz: 1200, Mhz Limit: 1190

Memory: 4k page, system-wide physical 16057M (292M free)
TotalPageFile size 38624M (AvailPageFile size 0M)
current process WorkingSet (physical memory assigned to process): 179M, peak: 180M
current process commit charge ("private bytes"): 408M, peak: 410M

vm_info: OpenJDK 64-Bit Server VM (21.0.12.1+1-LTS) for windows-amd64 JRE (21.0.12.1+1-LTS), built on 2026-08-18T00:00:00Z by "admin" with MS VC++ 17.12 (VS2022)

END.
